CATALUNYA;GLOBAL;2021-10-02;2021-10-08;Si;;;62.1161;18.3525;13;4891.6496;2885;580;0.8906;18;1;0;7;6;14;7;1929;429;40;63
CATALUNYA;GLOBAL;2021-10-01;2021-10-07;Si;;;70.5865;21.1759;15;5301.0517;3165;590;0.8822;19;1;0;9;6;16;7;2160;447;45;69
CATALUNYA;GLOBAL;2021-09-30;2021-10-06;Si;;;81.8804;23.9994;17;5502.9293;3298;600;0.9623;18;2;0;10;7;17;9;2245;457;54;63
CATALUNYA;GLOBAL;2021-09-29;2021-10-05;Si;;;88.9390;26.8228;19;5761.2762;3463;618;1.0021;21;4;2;12;7;19;9;2311;483;50;79
CATALUNYA;GLOBAL;2021-09-28;2021-10-04;Si;;;95.9977;33.8815;24;6083.1509;3711;598;1.1769;22;4;4;16;8;24;10;2433;456;48;84
CATALUNYA;GLOBAL;2021-09-27;2021-10-03;Si;;;95.9977;38.1167;27;6489.7296;3904;693;0.9637;27;4;6;19;8;21;9;2575;538;54;96
CATALUNYA;GLOBAL;2021-09-26;2021-10-02;Si;;;98.8212;42.3519;30;6373.9676;3907;608;1.0848;28;4;8;21;9;23;10;2566;476;55;98
CATALUNYA;GLOBAL;2021-09-25;2021-10-01;Si;;;101.6446;43.7636;31;6558.9044;4031;615;1.0870;31;3;9;22;9;24;10;2652;476;56;96
CATALUNYA;GLOBAL;2021-09-24;2021-09-30;Si;;;132.7027;49.4106;35;6560.3162;3982;665;1.2566;31;4;9;26;9;28;10;2542;482;58;109
CATALUNYA;GLOBAL;2021-09-23;2021-09-29;Si;;;156.7021;57.8809;41;6592.7860;3926;744;1.4085;38;3;9;30;11;32;11;2523;530;66;139
CATALUNYA;GLOBAL;2021-09-22;2021-09-28;Si;;;172.2312;62.1161;44;6683.1368;4009;725;1.3557;36;1;9;32;12;32;10;2590;508;88;156
CATALUNYA;GLOBAL;2021-09-21;2021-09-27;Si;;;183.5250;62.1161;44;6824.3100;4131;703;1.3072;32;1;8;32;12;32;10;2715;498;101;166
CATALUNYA;GLOBAL;2021-09-20;2021-09-26;Si;;;186.3485;57.8809;41;6930.1898;4294;615;1.3496;24;1;6;32;9;35;7;2701;411;102;165
CATALUNYA;GLOBAL;2021-09-19;2021-09-25;Si;;;183.5250;56.4692;40;6924.5429;4270;635;1.2524;28;1;5;32;8;33;6;2686;428;101;163
CATALUNYA;GLOBAL;2021-09-18;2021-09-24;Si;;;187.7602;57.8809;41;6913.2491;4267;630;1.3175;32;1;4;33;8;35;6;2686;426;103;165
CATALUNYA;GLOBAL;2021-09-17;2021-09-23;Si;;;182.1133;83.2921;59;7324.0629;4607;581;1.6954;44;1;7;50;9;50;7;2953;409;99;150
CATALUNYA;GLOBAL;2021-09-16;2021-09-22;Si;;;179.2898;98.8212;70;8155.5728;5242;535;1.7824;41;1;11;60;10;59;8;3368;391;88;118
CATALUNYA;GLOBAL;2021-09-15;2021-09-21;Si;;;194.8189;110.1150;78;8488.7414;5461;552;1.9898;41;1;10;66;12;66;12;3527;393;77;98
CATALUNYA;GLOBAL;2021-09-14;2021-09-20;Si;;;206.1127;121.4089;86;8598.8564;5483;608;2.2956;49;1;13;72;14;75;14;3451;426;69;84
CATALUNYA;GLOBAL;2021-09-13;2021-09-19;Si;;;215.9949;128.4675;91;8869.9089;5630;653;2.2408;55;1;14;75;16;75;16;3607;454;63;76
CATALUNYA;GLOBAL;2021-09-12;2021-09-18;Si;;;217.4066;127.0558;90;8963.0832;5695;654;2.2136;49;1;15;75;15;76;15;3662;449;63;77
CATALUNYA;GLOBAL;2021-09-11;2021-09-17;Si;;;215.9949;129.8792;92;8963.0832;5652;697;2.2357;46;1;18;76;16;76;16;3638;477;60;77
CATALUNYA;GLOBAL;2021-09-10;2021-09-16;Si;;;208.9362;98.8212;70;9107.0798;5749;702;1.7766;38;0;16;54;16;57;16;3626;483;62;96
CATALUNYA;GLOBAL;2021-09-09;2021-09-15;Si;;;194.8189;80.4686;57;8854.3798;5586;686;1.5553;36;0;12;44;13;48;13;3465;457;64;97
CATALUNYA;GLOBAL;2021-09-08;2021-09-14;Si;;;213.1714;84.7038;60;9105.6681;5756;694;1.7461;36;0;13;43;17;53;17;3543;466;69;91
CATALUNYA;GLOBAL;2021-09-07;2021-09-13;Si;;;225.8770;84.7038;60;9578.5981;6124;661;1.5080;33;0;11;40;20;44;20;3794;450;62;101
CATALUNYA;GLOBAL;2021-09-06;2021-09-12;Si;;;225.8770;87.5273;62;10583.7509;6845;652;1.4082;31;0;11;41;21;45;21;4233;454;66;112
CATALUNYA;GLOBAL;2021-09-05;2021-09-11;Si;;;228.7005;90.3508;64;10517.3995;6786;664;1.4836;34;0;9;41;23;46;23;4191;460;66;112
CATALUNYA;GLOBAL;2021-09-04;2021-09-10;Si;;;237.1708;86.1156;61;10530.1051;6829;630;1.4066;31;0;7;39;22;44;22;4250;442;66;111
CATALUNYA;GLOBAL;2021-09-03;2021-09-09;Si;;;247.0530;110.1150;78;11087.7391;7027;827;1.6623;34;0;7;54;24;58;24;4367;566;70;116
CATALUNYA;GLOBAL;2021-09-02;2021-09-08;Si;;;268.2289;114.3502;81;12294.7695;7866;843;1.5522;35;0;9;50;31;54;31;4916;560;86;132
CATALUNYA;GLOBAL;2021-09-01;2021-09-07;Si;;;266.8172;128.4675;91;13151.6905;8476;840;1.5763;34;0;11;68;23;70;23;5349;551;78;137
CATALUNYA;GLOBAL;2021-08-31;2021-09-06;Si;;;286.5814;141.1731;100;13566.7396;8629;981;1.8809;39;1;14;73;27;87;27;5448;613;81;128
CATALUNYA;GLOBAL;2021-08-30;2021-09-05;Si;;;289.4049;138.3496;98;13336.6273;8369;1078;1.8587;40;1;17;70;28;83;28;5318;654;81;116
CATALUNYA;GLOBAL;2021-08-29;2021-09-04;Si;;;292.2284;138.3496;98;13453.8010;8376;1154;1.8411;38;1;18;71;27;84;27;5317;712;81;118
CATALUNYA;GLOBAL;2021-08-28;2021-09-03;Si;;;341.6390;151.0552;107;13733.3239;8497;1231;1.8660;42;1;20;80;27;88;27;5406;757;82;121
CATALUNYA;GLOBAL;2021-08-27;2021-09-02;Si;;;351.5211;136.9379;97;14235.9003;8877;1207;1.6337;38;1;19;70;27;78;27;5685;742;79;130
CATALUNYA;GLOBAL;2021-08-26;2021-09-01;Si;;;375.5205;153.8787;109;14259.8997;8762;1339;1.8264;37;1;19;86;23;94;23;5569;837;72;129
CATALUNYA;GLOBAL;2021-08-25;2021-08-31;Si;;;367.0501;138.3496;98;14943.1778;9160;1425;1.5873;42;2;17;74;24;81;24;5722;893;82;141
CATALUNYA;GLOBAL;2021-08-24;2021-08-30;Si;;;368.4619;145.4083;103;15222.7006;9397;1386;1.5280;36;1;16;81;22;81;22;5837;904;84;163
CATALUNYA;GLOBAL;2021-08-23;2021-08-29;Si;;;413.6373;151.0552;107;16306.9104;10045;1506;1.4683;36;1;14;77;30;76;30;6246;973;82;177
CATALUNYA;GLOBAL;2021-08-22;2021-08-28;Si;;;426.3429;153.8787;109;16393.0260;10026;1586;1.5047;36;1;17;78;31;78;31;6240;1004;83;176
CATALUNYA;GLOBAL;2021-08-21;2021-08-27;Si;;;434.8132;190.5837;135;16798.1929;10187;1712;1.9262;40;1;19;99;36;106;36;6306;1066;84;173
CATALUNYA;GLOBAL;2021-08-20;2021-08-26;Si;;;464.4596;214.5831;152;17405.2375;10518;1811;2.0493;41;1;22;111;41;117;41;6547;1163;92;175
CATALUNYA;GLOBAL;2021-08-19;2021-08-25;Si;;;470.1065;221.6418;157;18603.7975;11325;1853;2.0667;44;1;24;108;49;121;50;7066;1208;98;177
CATALUNYA;GLOBAL;2021-08-18;2021-08-24;Si;;;470.1065;228.7005;162;18702.6187;11404;1844;2.1318;47;0;30;110;52;121;54;6993;1216;94;162
CATALUNYA;GLOBAL;2021-08-17;2021-08-23;Si;;;496.9294;223.0535;158;19573.6570;11930;1935;1.9246;51;0;36;102;56;110;57;7420;1257;99;146
CATALUNYA;GLOBAL;2021-08-16;2021-08-22;Si;;;556.2222;262.5820;186;20463.0479;12489;2006;2.1994;52;0;38;129;57;143;58;7816;1323;109;149
CATALUNYA;GLOBAL;2021-08-15;2021-08-21;Si;;;568.9277;272.4641;193;20484.2239;12577;1933;2.2725;59;0;39;130;63;144;64;7874;1279;108;149
CATALUNYA;GLOBAL;2021-08-14;2021-08-20;Si;;;553.3987;244.2295;173;20724.2182;12727;1953;2.0147;62;0;45;109;64;122;65;7943;1339;109;150
CATALUNYA;GLOBAL;2021-08-13;2021-08-19;Si;;;642.3378;249.8764;177;21267.7348;13120;1945;2.0490;67;0;54;112;65;128;66;8143;1325;131;167
CATALUNYA;GLOBAL;2021-08-12;2021-08-18;Si;;;667.7489;248.4647;176;21085.6215;13058;1878;2.0077;77;0;62;113;63;125;63;8078;1286;144;191
CATALUNYA;GLOBAL;2021-08-11;2021-08-17;Si;;;739.7473;241.4060;171;21322.7924;13115;1989;1.9013;76;0;62;107;64;120;63;8286;1339;149;202
CATALUNYA;GLOBAL;2021-08-10;2021-08-16;Si;;;784.9227;273.8759;194;22049.8341;13600;2019;2.1283;76;0;61;137;57;153;58;8548;1366;160;204
CATALUNYA;GLOBAL;2021-08-09;2021-08-15;Si;;;800.4517;293.6401;208;22823.4629;14187;1980;2.1779;82;0;66;140;68;157;67;8943;1342;154;190
CATALUNYA;GLOBAL;2021-08-08;2021-08-14;Si;;;814.5690;296.4636;210;23152.3964;14415;1985;2.1497;84;0;67;142;68;156;68;9065;1355;156;188
CATALUNYA;GLOBAL;2021-08-07;2021-08-13;Si;;;839.9802;309.1691;219;23197.5718;14500;1932;2.1774;77;0;65;149;70;159;69;9161;1310;161;186
CATALUNYA;GLOBAL;2021-08-06;2021-08-12;Si;;;927.5075;392.4613;278;24866.2384;15497;2117;2.6638;76;0;66;206;72;227;71;9763;1424;158;153
CATALUNYA;GLOBAL;2021-08-05;2021-08-11;Si;;;999.5058;419.2842;297;25477.5181;15865;2182;2.6721;67;0;59;225;72;239;70;10099;1465;164;109
CATALUNYA;GLOBAL;2021-08-04;2021-08-10;Si;;;1109.6209;498.3412;353;26654.9022;16733;2148;3.0553;73;0;55;275;78;298;76;10783;1458;178;110
CATALUNYA;GLOBAL;2021-08-03;2021-08-09;Si;;;1171.7371;511.0467;362;27492.0590;17195;2279;3.1059;77;1;54;282;80;314;78;11069;1552;206;103
CATALUNYA;GLOBAL;2021-08-02;2021-08-08;Si;;;1255.0292;506.8116;359;27507.5880;17076;2409;3.1165;80;1;53;284;75;313;77;10881;1633;215;105
CATALUNYA;GLOBAL;2021-08-01;2021-08-07;Si;;;1267.7348;518.1054;367;28015.8113;17095;2750;3.1279;79;1;56;286;81;318;82;10907;1881;218;105
CATALUNYA;GLOBAL;2021-07-31;2021-08-06;Si;;;1291.7343;530.8110;376;28535.3285;17462;2751;3.2350;86;1;54;292;84;333;88;11153;1861;211;107
CATALUNYA;GLOBAL;2021-07-30;2021-08-05;Si;;;1356.6739;535.0462;379;27713.7008;16629;3002;3.3110;88;3;54;291;88;328;93;10711;2004;226;112
CATALUNYA;GLOBAL;2021-07-29;2021-08-04;Si;;;1535.9638;580.2216;411;27686.8779;16465;3147;3.7382;92;3;58;314;97;365;108;10581;2072;221;140
CATALUNYA;GLOBAL;2021-07-28;2021-08-03;Si;;;1599.4917;611.2797;433;27367.8266;15995;3391;3.9289;93;5;67;308;125;348;136;10121;2198;226;134
CATALUNYA;GLOBAL;2021-07-27;2021-08-02;Si;;;1651.7258;660.6903;468;26433.2603;15357;3367;4.2599;94;4;69;302;166;338;176;9885;2181;190;131
CATALUNYA;GLOBAL;2021-07-26;2021-08-01;Si;;;1726.5476;748.2176;530;25901.0376;14880;3467;4.6409;102;4;74;348;182;374;183;9711;2291;194;130
CATALUNYA;GLOBAL;2021-07-25;2021-07-31;Si;;;1739.2531;749.6294;531;25790.9225;14975;3294;4.6933;102;5;75;352;179;380;180;9764;2168;190;135
CATALUNYA;GLOBAL;2021-07-24;2021-07-30;Si;;;1757.6057;760.9232;539;25872.8029;14979;3348;4.6812;105;6;80;354;185;373;185;9716;2204;191;137
CATALUNYA;GLOBAL;2021-07-23;2021-07-29;Si;;;1727.9593;821.6277;582;25056.8221;14730;3019;5.2159;109;4;76;395;187;418;186;9557;2023;227;175
CATALUNYA;GLOBAL;2021-07-22;2021-07-28;Si;;;1790.0755;955.7422;677;24641.7731;14528;2927;5.8228;113;5;73;491;186;486;181;9465;1990;234;166
CATALUNYA;GLOBAL;2021-07-21;2021-07-27;Si;;;1753.3705;988.2120;700;23824.3806;13968;2908;6.0998;106;3;64;504;196;501;187;9234;2045;241;173
CATALUNYA;GLOBAL;2021-07-20;2021-07-26;Si;;;1701.1364;991.0355;702;22864.4031;13064;3132;6.3165;113;3;58;527;175;520;163;8596;2217;252;184
CATALUNYA;GLOBAL;2021-07-19;2021-07-25;Si;;;1607.9621;978.3299;693;20324.6982;11351;3046;6.9830;105;3;47;517;176;503;171;7512;2140;235;193
CATALUNYA;GLOBAL;2021-07-18;2021-07-24;Si;;;1586.7861;989.6237;701;19535.5403;10932;2906;7.2956;105;3;41;517;184;502;177;7270;2037;237;192
CATALUNYA;GLOBAL;2021-07-17;2021-07-23;Si;;;1541.6107;996.6824;706;18564.2690;10360;2790;7.6932;99;2;31;512;194;502;186;6973;1970;239;194
CATALUNYA;GLOBAL;2021-07-16;2021-07-22;Si;;;1382.0851;906.3316;642;17690.4072;9991;2540;7.1756;97;2;23;447;195;425;186;6717;1798;201;153
CATALUNYA;GLOBAL;2021-07-15;2021-07-21;Si;;;1177.3840;834.3333;591;16120.5618;9066;2353;7.3332;92;2;18;367;224;365;213;6204;1678;191;146
CATALUNYA;GLOBAL;2021-07-14;2021-07-20;Si;;;1034.7991;765.1584;542;14447.6600;8146;2088;7.6226;93;2;14;348;194;351;187;5588;1470;224;147
CATALUNYA;GLOBAL;2021-07-13;2021-07-19;Si;;;921.8606;710.1009;503;12973.8123;7538;1652;7.7834;78;2;10;318;185;313;180;5160;1174;235;162
CATALUNYA;GLOBAL;2021-07-12;2021-07-18;Si;;;786.3344;629.6322;446;12098.5388;7155;1415;7.5788;68;2;9;276;170;286;166;4943;1021;250;171
CATALUNYA;GLOBAL;2021-07-11;2021-07-17;Si;;;748.2176;597.1624;423;12018.0701;7159;1354;7.2718;59;2;5;268;155;276;155;4939;988;247;172
CATALUNYA;GLOBAL;2021-07-10;2021-07-16;Si;;;690.3366;544.9283;386;11490.0825;6771;1368;6.9656;51;2;3;252;134;259;134;4651;991;247;184
CATALUNYA;GLOBAL;2021-07-09;2021-07-15;Si;;;598.5741;475.7535;337;9959.7656;5677;1378;6.9683;46;3;4;212;125;220;125;3995;956;241;191
CATALUNYA;GLOBAL;2021-07-08;2021-07-14;Si;;;433.4015;343.0507;243;9019.5524;5030;1359;5.5029;45;3;3;150;93;153;91;3511;923;240;218
CATALUNYA;GLOBAL;2021-07-07;2021-07-13;Si;;;340.2272;269.6407;191;7956.5186;4318;1318;4.7717;37;3;3;110;81;107;79;3010;888;198;245
CATALUNYA;GLOBAL;2021-07-06;2021-07-12;Si;;;266.8172;211.7597;150;7245.0059;3756;1376;4.1760;36;4;4;81;69;82;67;2643;925;198;235
CATALUNYA;GLOBAL;2021-07-05;2021-07-11;Si;;;200.4658;156.7021;111;6534.9050;3352;1277;3.4439;36;4;3;57;54;58;51;2332;833;196;240
CATALUNYA;GLOBAL;2021-07-04;2021-07-10;Si;;;191.9954;151.0552;107;6376.7911;3331;1186;3.3387;41;5;3;53;54;54;49;2316;769;197;247
CATALUNYA;GLOBAL;2021-07-03;2021-07-09;Si;;;182.1133;145.4083;103;6245.5001;3359;1065;3.2684;45;5;3;52;51;53;46;2342;687;205;240
CATALUNYA;GLOBAL;2021-07-02;2021-07-08;Si;;;152.4670;122.8206;87;5281.2874;2847;894;3.1202;38;4;2;43;44;42;40;2026;602;244;273
CATALUNYA;GLOBAL;2021-07-01;2021-07-07;Si;;;117.1737;90.3508;64;4325.5452;2212;852;3.0065;30;3;3;34;30;36;29;1597;565;249;286
CATALUNYA;GLOBAL;2021-06-30;2021-07-06;Si;;;103.0563;70.5865;50;3961.3185;2084;722;2.4963;26;3;3;27;23;29;22;1558;485;247;270
CATALUNYA;GLOBAL;2021-06-29;2021-07-05;Si;;;100.2329;55.0575;39;3496.8588;1975;502;2.2577;22;2;2;22;17;24;17;1499;317;249;282
CATALUNYA;GLOBAL;2021-06-28;2021-07-04;Si;;;84.7038;43.7636;31;3324.6276;2005;350;1.9009;17;2;2;20;11;22;11;1509;227;251;288
CATALUNYA;GLOBAL;2021-06-27;2021-07-03;Si;;;77.6452;40.9402;29;3306.2751;2003;339;1.7909;12;0;5;20;9;22;9;1512;219;254;287
CATALUNYA;GLOBAL;2021-06-26;2021-07-02;Si;;;70.5865;36.7050;26;3126.9852;1908;307;1.6534;8;0;5;20;6;20;7;1428;205;247;290
CATALUNYA;GLOBAL;2021-06-25;2021-07-01;Si;;;59.2927;29.6463;21;2901.1082;1765;290;1.4122;12;0;4;16;5;15;6;1295;192;181;255
CATALUNYA;GLOBAL;2021-06-24;2021-06-30;Si;;;55.0575;26.8228;19;2654.0551;1679;201;1.3679;15;0;3;15;4;14;5;1244;145;138;191
CATALUNYA;GLOBAL;2021-06-23;2021-06-29;Si;;;52.2340;32.4698;23;2459.2362;1564;178;1.7843;20;0;3;17;6;17;6;1160;129;141;179
CATALUNYA;GLOBAL;2021-06-22;2021-06-28;Si;;;50.8223;45.1754;32;2367.4737;1495;182;2.5641;22;1;5;21;11;21;11;1115;133;150;180
CATALUNYA;GLOBAL;2021-06-21;2021-06-27;Si;;;43.7636;40.9402;29;2226.3005;1400;177;2.2785;23;1;5;19;10;17;10;1055;130;153;172
CATALUNYA;GLOBAL;2021-06-20;2021-06-26;Si;;;40.9402;36.7050;26;2200.8893;1395;164;2.0322;22;1;4;18;8;16;8;1059;122;156;172
CATALUNYA;GLOBAL;2021-06-19;2021-06-25;Si;;;36.7050;33.8815;24;2124.6558;1338;167;1.8820;21;1;4;15;9;14;8;1041;128;170;168
CATALUNYA;GLOBAL;2021-06-18;2021-06-24;Si;;;33.8815;29.6463;21;2181.1251;1379;166;1.6353;17;1;5;13;8;13;7;1096;127;214;209
CATALUNYA;GLOBAL;2021-06-17;2021-06-23;Si;;;35.2932;28.2346;20;2412.6491;1508;201;1.4105;12;1;5;12;8;12;7;1189;158;276;245
CATALUNYA;GLOBAL;2021-06-16;2021-06-22;Si;;;28.2346;19.7642;14;2512.8820;1575;205;0.9380;11;1;6;8;6;7;6;1222;164;273;259
CATALUNYA;GLOBAL;2021-06-15;2021-06-21;Si;;;18.3525;5.6469;4;2517.1172;1571;212;0.2146;11;1;4;3;1;2;1;1224;174;271;246
CATALUNYA;GLOBAL;2021-06-14;2021-06-20;Si;;;14.1173;2.8234;2;2630.0557;1634;229;0.1360;11;1;4;1;1;1;1;1283;188;280;243
CATALUNYA;GLOBAL;2021-06-13;2021-06-19;Si;;;16.9407;4.2351;3;2628.6440;1635;227;0.2076;12;2;3;2;1;2;1;1261;184;281;237
CATALUNYA;GLOBAL;2021-06-12;2021-06-18;Si;;;15.5290;2.8234;2;2630.0557;1633;230;0.1393;14;2;5;2;0;2;0;1250;186;266;234
CATALUNYA;GLOBAL;2021-06-11;2021-06-17;Si;;;16.9407;4.2351;3;2620.1736;1629;227;0.2104;14;2;4;2;1;2;1;1240;186;281;252
CATALUNYA;GLOBAL;2021-06-10;2021-06-16;Si;;;18.3525;7.0586;5;2709.1127;1681;238;0.3463;15;2;5;4;1;4;1;1250;194;279;314
CATALUNYA;GLOBAL;2021-06-09;2021-06-15;Si;;;19.7642;8.4703;6;2697.8188;1681;230;0.4167;12;2;5;5;1;5;1;1253;187;297;331
CATALUNYA;GLOBAL;2021-06-08;2021-06-14;Si;;;19.7642;12.7055;9;2668.1725;1662;228;0.6424;11;1;6;6;3;6;3;1218;183;279;345
CATALUNYA;GLOBAL;2021-06-07;2021-06-13;Si;;;19.7642;11.2938;8;2593.3507;1625;212;0.5939;12;1;6;5;3;5;3;1174;173;297;333
CATALUNYA;GLOBAL;2021-06-06;2021-06-12;Si;;;18.3525;12.7055;9;2603.2328;1629;215;0.6589;10;0;5;4;5;4;5;1188;178;291;335
CATALUNYA;GLOBAL;2021-06-05;2021-06-11;Si;;;19.7642;12.7055;9;2638.5261;1652;217;0.6526;8;0;3;4;5;4;5;1204;175;290;338
CATALUNYA;GLOBAL;2021-06-04;2021-06-10;Si;;;22.5877;12.7055;9;2689.3484;1668;237;0.6392;9;0;3;5;4;5;4;1215;193;296;372
CATALUNYA;GLOBAL;2021-06-03;2021-06-09;Si;;;21.1759;11.2938;8;2543.9401;1602;200;0.5874;10;1;2;4;4;4;4;1199;163;276;353
CATALUNYA;GLOBAL;2021-06-02;2021-06-08;Si;;;29.6463;11.2938;8;2584.8803;1635;196;0.5810;10;1;1;4;4;4;4;1220;157;283;388
CATALUNYA;GLOBAL;2021-06-01;2021-06-07;Si;;;32.4698;7.0586;5;2733.1121;1738;198;0.3422;11;2;0;3;2;3;2;1302;159;281;420
CATALUNYA;GLOBAL;2021-05-31;2021-06-06;Si;;;35.2932;8.4703;6;2837.5802;1792;218;0.3945;10;2;2;4;2;4;2;1345;176;262;458
CATALUNYA;GLOBAL;2021-05-30;2021-06-05;Si;;;32.4698;5.6469;4;2862.9914;1806;222;0.2614;12;2;2;4;0;4;0;1353;177;260;469
CATALUNYA;GLOBAL;2021-05-29;2021-06-04;Si;;;32.4698;7.0586;5;2909.5785;1830;231;0.3209;13;2;2;5;0;5;0;1373;185;260;477
CATALUNYA;GLOBAL;2021-05-28;2021-06-03;Si;;;33.8815;9.8821;7;2964.6361;1864;236;0.5031;13;2;5;5;2;6;2;1403;187;284;554
CATALUNYA;GLOBAL;2021-05-27;2021-06-02;Si;;;36.7050;9.8821;7;3036.6344;1910;241;0.6146;12;1;7;5;2;8;2;1440;187;296;583
CATALUNYA;GLOBAL;2021-05-26;2021-06-01;Si;;;38.1167;18.3525;13;3023.9288;1899;243;0.9124;15;1;7;10;3;12;3;1454;190;290;566
CATALUNYA;GLOBAL;2021-05-25;2021-05-31;Si;;;43.7636;25.4111;18;3162.2785;1983;257;1.1689;14;0;8;13;5;15;5;1513;198;316;549
CATALUNYA;GLOBAL;2021-05-24;2021-05-30;Si;;;47.9988;26.8228;19;2998.5176;1880;244;1.3673;15;1;7;12;7;15;7;1425;184;295;516
CATALUNYA;GLOBAL;2021-05-23;2021-05-29;Si;;;49.4106;26.8228;19;2968.8713;1866;237;1.3836;14;1;7;12;7;15;7;1414;176;297;506
CATALUNYA;GLOBAL;2021-05-22;2021-05-28;Si;;;47.9988;25.4111;18;2889.8143;1820;227;1.3636;17;1;7;11;7;14;7;1374;166;299;515
CATALUNYA;GLOBAL;2021-05-21;2021-05-27;Si;;;46.5871;23.9994;17;2785.3462;1764;209;1.2838;16;1;4;12;5;14;5;1325;155;270;523
CATALUNYA;GLOBAL;2021-05-20;2021-05-26;Si;;;47.9988;26.8228;19;2860.1679;1776;250;1.3387;18;1;3;14;5;15;5;1306;188;336;483
CATALUNYA;GLOBAL;2021-05-19;2021-05-25;Si;;;43.7636;19.7642;14;2988.6355;1856;261;1.0918;16;1;3;10;4;13;4;1357;200;371;447
CATALUNYA;GLOBAL;2021-05-18;2021-05-24;Si;;;36.7050;18.3525;13;2961.8126;1842;256;0.9085;15;1;3;11;2;12;2;1348;193;370;432
CATALUNYA;GLOBAL;2021-05-17;2021-05-23;Si;;;39.5284;21.1759;15;3115.6913;1928;279;0.9738;12;1;3;14;1;15;1;1432;211;384;423
CATALUNYA;GLOBAL;2021-05-16;2021-05-22;Si;;;43.7636;22.5877;16;3142.5142;1947;279;1.0247;11;1;4;15;1;16;1;1448;211;388;415
CATALUNYA;GLOBAL;2021-05-15;2021-05-21;Si;;;47.9988;22.5877;16;3135.4556;1949;272;1.0180;10;1;5;15;1;16;1;1461;209;391;388
CATALUNYA;GLOBAL;2021-05-14;2021-05-20;Si;;;52.2340;22.5877;16;3206.0422;1982;289;0.9406;10;2;5;15;1;15;1;1487;214;436;369
CATALUNYA;GLOBAL;2021-05-13;2021-05-19;Si;;;49.4106;21.1759;15;3242.7472;2029;268;0.7968;10;2;4;14;1;13;1;1555;202;422;499
CATALUNYA;GLOBAL;2021-05-12;2021-05-18;Si;;;56.4692;23.9994;17;3331.6863;2083;277;0.8283;9;3;4;14;3;12;3;1606;205;432;570
CATALUNYA;GLOBAL;2021-05-11;2021-05-17;Si;;;56.4692;18.3525;13;3245.5706;2018;281;0.7336;12;3;3;10;3;10;3;1558;214;448;607
CATALUNYA;GLOBAL;2021-05-10;2021-05-16;Si;;;60.7044;18.3525;13;3410.7432;2140;276;0.6469;15;3;2;11;2;10;2;1641;214;498;616
CATALUNYA;GLOBAL;2021-05-09;2021-05-15;Si;;;59.2927;21.1759;15;3461.5656;2165;287;0.7974;18;3;2;12;3;12;3;1658;223;504;616
CATALUNYA;GLOBAL;2021-05-08;2021-05-14;Si;;;60.7044;25.4111;18;3571.6806;2227;303;0.9312;17;3;4;13;5;13;5;1699;234;524;616
CATALUNYA;GLOBAL;2021-05-07;2021-05-13;Si;;;84.7038;29.6463;21;3798.9694;2374;317;1.2291;17;2;4;14;7;18;7;1793;241;601;651
CATALUNYA;GLOBAL;2021-05-06;2021-05-12;Si;;;114.3502;28.2346;20;3855.4386;2398;333;1.1667;18;2;6;13;7;17;7;1807;250;621;761
CATALUNYA;GLOBAL;2021-05-05;2021-05-11;Si;;;127.0558;32.4698;23;4016.3760;2515;330;1.4191;20;1;7;17;6;24;6;1865;249;609;924
CATALUNYA;GLOBAL;2021-05-04;2021-05-10;Si;;;145.4083;38.1167;27;4120.8442;2582;337;1.5200;21;1;8;21;6;27;6;1916;255;594;1022
CATALUNYA;GLOBAL;2021-05-03;2021-05-09;Si;;;175.0547;42.3519;30;4177.3134;2608;351;1.8544;26;0;8;23;7;32;9;1943;268;599;1028
CATALUNYA;GLOBAL;2021-05-02;2021-05-08;Si;;;187.7602;38.1167;27;4188.6073;2612;355;1.6629;25;0;7;21;6;29;8;1951;274;590;1028
CATALUNYA;GLOBAL;2021-05-01;2021-05-07;Si;;;190.5837;35.2932;25;4284.6050;2677;358;1.4932;25;0;5;20;5;28;6;2002;275;574;1029
CATALUNYA;GLOBAL;2021-04-30;2021-05-06;Si;;;199.0541;55.0575;39;4437.0720;2794;349;1.7507;28;0;5;34;5;36;6;2124;275;609;1455
CATALUNYA;GLOBAL;2021-04-29;2021-05-05;Si;;;206.1127;86.1156;61;4454.0128;2806;349;2.7500;31;0;4;55;6;59;7;2129;271;571;1746
CATALUNYA;GLOBAL;2021-04-28;2021-05-04;Si;;;204.7010;94.5860;67;4240.8413;2657;347;2.9565;35;1;3;58;9;58;10;2031;269;564;2074
CATALUNYA;GLOBAL;2021-04-27;2021-05-03;Si;;;210.3479;107.2915;76;4277.5464;2666;364;3.4288;37;1;2;64;12;66;13;2023;281;592;2221
CATALUNYA;GLOBAL;2021-04-26;2021-05-02;Si;;;204.7010;132.7027;94;4446.9541;2789;361;4.0799;33;1;2;75;19;80;18;2118;284;543;2205
CATALUNYA;GLOBAL;2021-04-25;2021-05-01;Si;;;210.3479;149.6435;106;4406.0139;2756;365;4.6296;33;1;3;76;30;81;29;2090;286;542;2205
CATALUNYA;GLOBAL;2021-04-24;2021-04-30;Si;;;213.1714;155.2904;110;4310.0162;2693;360;4.9505;41;2;5;81;29;86;29;2038;285;538;2205
CATALUNYA;GLOBAL;2021-04-23;2021-04-29;Si;;;191.9954;143.9966;102;3930.2604;2431;353;5.1732;44;3;5;72;30;80;29;1826;281;426;1692
CATALUNYA;GLOBAL;2021-04-22;2021-04-28;Si;;;167.9960;119.9971;85;3938.7308;2445;345;4.2056;44;3;6;55;30;61;29;1853;287;498;1737
CATALUNYA;GLOBAL;2021-04-21;2021-04-27;Si;;;156.7021;110.1150;78;3979.6710;2456;363;3.8462;42;2;8;49;29;56;28;1880;304;560;1932
CATALUNYA;GLOBAL;2021-04-20;2021-04-26;Si;;;146.8200;103.0563;73;3887.9085;2416;338;3.6642;39;2;8;47;26;54;25;1871;285;583;2151
CATALUNYA;GLOBAL;2021-04-19;2021-04-25;Si;;;121.4089;71.9983;51;3606.9739;2215;340;2.6052;43;3;9;32;19;34;18;1714;282;565;2153
CATALUNYA;GLOBAL;2021-04-18;2021-04-24;Si;;;111.5267;60.7044;43;3630.9733;2238;334;2.1319;47;4;9;33;10;34;9;1739;278;563;2153
CATALUNYA;GLOBAL;2021-04-17;2021-04-23;Si;;;108.7033;57.8809;41;3571.6806;2199;331;2.1032;39;3;11;30;11;32;10;1720;277;555;2152
CATALUNYA;GLOBAL;2021-04-16;2021-04-22;Si;;;103.0563;47.9988;34;3726.9711;2298;342;1.6859;36;2;13;26;8;27;8;1795;281;661;2411
CATALUNYA;GLOBAL;2021-04-15;2021-04-21;Si;;;110.1150;47.9988;34;3647.9141;2237;347;1.7928;34;2;14;25;9;26;10;1731;277;799;2160
CATALUNYA;GLOBAL;2021-04-14;2021-04-20;Si;;;125.6441;46.5871;33;3726.9711;2304;336;1.7673;32;2;15;26;7;29;7;1769;268;941;1607
CATALUNYA;GLOBAL;2021-04-13;2021-04-19;Si;;;132.7027;43.7636;31;3909.0844;2411;358;1.4835;30;2;15;24;7;25;7;1872;285;1013;1214
CATALUNYA;GLOBAL;2021-04-12;2021-04-18;Si;;;129.8792;49.4106;35;4404.6022;2541;579;1.4644;24;2;14;28;7;27;8;1954;436;1029;1217
CATALUNYA;GLOBAL;2021-04-11;2021-04-17;Si;;;124.2323;50.8223;36;4444.1307;2563;585;1.5410;20;3;14;28;8;29;8;1963;438;1031;1222
CATALUNYA;GLOBAL;2021-04-10;2021-04-16;Si;;;122.8206;50.8223;36;4575.4217;2638;603;1.4640;27;3;10;28;8;28;8;2012;447;1037;1226
CATALUNYA;GLOBAL;2021-04-09;2021-04-15;Si;;;122.8206;55.0575;39;4677.0664;2698;615;1.6680;28;3;12;30;9;33;9;2058;460;1384;1180
CATALUNYA;GLOBAL;2021-04-08;2021-04-14;Si;;;122.8206;62.1161;44;4854.9445;2798;641;1.7898;31;4;10;34;10;38;9;2141;485;1723;952
CATALUNYA;GLOBAL;2021-04-07;2021-04-13;Si;;;129.8792;79.0569;56;5137.2908;2912;727;2.1755;32;5;9;41;15;46;15;2248;556;2127;911
CATALUNYA;GLOBAL;2021-04-06;2021-04-12;Si;;;135.5262;88.9390;63;5334.9332;2978;801;2.3702;38;5;10;45;18;50;18;2276;593;2289;840
CATALUNYA;GLOBAL;2021-04-05;2021-04-11;Si;;;142.5848;80.4686;57;4581.0686;2645;600;2.4741;41;6;10;40;17;46;16;2041;465;2270;826
CATALUNYA;GLOBAL;2021-04-04;2021-04-10;Si;;;136.9379;73.4100;52;4576.8334;2650;592;2.2791;43;4;10;38;14;43;14;2041;460;2269;821
CATALUNYA;GLOBAL;2021-04-03;2021-04-09;Si;;;142.5848;71.9983;51;4454.0128;2573;582;2.2913;41;5;12;38;13;43;13;1988;456;2270;818
CATALUNYA;GLOBAL;2021-04-02;2021-04-08;Si;;;141.1731;67.7631;48;4046.0224;2303;563;2.2829;41;5;12;36;12;39;12;1788;446;1727;478
CATALUNYA;GLOBAL;2021-04-01;2021-04-07;Si;;;136.9379;60.7044;43;3882.2615;2210;540;2.1425;39;4;13;33;10;36;10;1720;427;1637;588
CATALUNYA;GLOBAL;2021-03-31;2021-04-06;Si;;;127.0558;50.8223;36;3671.9136;2135;466;1.8859;37;3;13;28;8;29;9;1657;358;1775;833
CATALUNYA;GLOBAL;2021-03-30;2021-04-05;Si;;;128.4675;46.5871;33;3420.6253;2036;387;1.9027;40;4;12;23;10;26;10;1585;307;2177;1060
CATALUNYA;GLOBAL;2021-03-29;2021-04-04;Si;;;148.2318;62.1161;44;4166.0196;2353;598;2.0668;43;2;12;29;15;32;15;1828;446;2230;1112
CATALUNYA;GLOBAL;2021-03-28;2021-04-03;Si;;;152.4670;63.5279;45;4153.3140;2332;610;2.1136;45;3;12;29;16;32;16;1815;456;2229;1112
CATALUNYA;GLOBAL;2021-03-27;2021-04-02;Si;;;156.7021;70.5865;50;4247.9000;2396;613;2.2346;44;3;10;33;17;35;17;1870;457;2237;1124
CATALUNYA;GLOBAL;2021-03-26;2021-04-01;Si;;;158.1139;73.4100;52;4590.9508;2596;656;2.0775;48;4;6;32;20;32;20;2021;482;2572;1588
CATALUNYA;GLOBAL;2021-03-25;2021-03-31;Si;;;158.1139;76.2335;54;4695.4189;2647;679;2.0833;45;4;5;35;19;34;19;2050;494;2406;1902
CATALUNYA;GLOBAL;2021-03-24;2021-03-30;Si;;;156.7021;76.2335;54;4646.0083;2604;687;2.1048;54;5;4;37;17;37;16;2017;501;1946;2157
CATALUNYA;GLOBAL;2021-03-23;2021-03-29;Si;;;152.4670;81.8804;58;4854.9445;2687;752;2.1870;49;4;6;44;14;44;14;2081;571;1323;2161
CATALUNYA;GLOBAL;2021-03-22;2021-03-28;Si;;;151.0552;86.1156;61;4838.0038;2706;721;2.2289;46;4;6;50;11;48;11;2103;544;1381;2242
CATALUNYA;GLOBAL;2021-03-21;2021-03-27;Si;;;153.8787;88.9390;63;4802.7105;2694;708;2.3185;43;5;6;51;12;49;12;2099;532;1381;2242
CATALUNYA;GLOBAL;2021-03-20;2021-03-26;Si;;;146.8200;86.1156;61;4764.5937;2669;706;2.2675;43;4;7;50;11;48;11;2074;528;1367;2235
CATALUNYA;GLOBAL;2021-03-19;2021-03-25;Si;;;146.8200;84.7038;60;4781.5345;2695;692;2.3691;39;3;9;50;10;52;10;2098;519;1193;2486
CATALUNYA;GLOBAL;2021-03-18;2021-03-24;Si;;;152.4670;81.8804;58;4797.0635;2687;711;2.3150;44;5;8;48;10;51;10;2098;537;926;2777
CATALUNYA;GLOBAL;2021-03-17;2021-03-23;Si;;;148.2318;80.4686;57;4799.8870;2683;717;2.0960;37;4;9;48;9;46;9;2079;545;673;2988
CATALUNYA;GLOBAL;2021-03-16;2021-03-22;Si;;;141.1731;70.5865;50;4629.0675;2610;669;2.0182;37;4;9;40;10;39;12;2023;504;609;3223
CATALUNYA;GLOBAL;2021-03-15;2021-03-21;Si;;;139.7614;64.9396;46;4828.1216;2720;700;1.8695;38;5;13;37;9;37;12;2102;519;622;3382
CATALUNYA;GLOBAL;2021-03-14;2021-03-20;Si;;;151.0552;64.9396;46;4870.4736;2733;717;1.8932;42;4;13;38;8;39;11;2107;534;624;3406
CATALUNYA;GLOBAL;2021-03-13;2021-03-19;Si;;;146.8200;60.7044;43;4873.2970;2733;719;1.8189;40;4;12;34;9;36;12;2099;540;661;3504
CATALUNYA;GLOBAL;2021-03-12;2021-03-18;Si;;;159.5256;62.1161;44;4949.5305;2775;731;1.7991;39;4;15;34;10;35;13;2113;555;647;3237
CATALUNYA;GLOBAL;2021-03-11;2021-03-17;Si;;;159.5256;70.5865;50;4939.6484;2728;771;1.9578;40;3;17;36;14;36;16;2073;583;828;2633
CATALUNYA;GLOBAL;2021-03-10;2021-03-16;Si;;;163.7608;67.7631;48;5007.4115;2774;773;2.0030;42;4;18;33;15;36;18;2113;583;1133;2049
CATALUNYA;GLOBAL;2021-03-09;2021-03-15;Si;;;172.2312;70.5865;50;5262.9349;2966;762;1.7787;47;6;17;35;15;36;14;2244;567;1352;1772
CATALUNYA;GLOBAL;2021-03-08;2021-03-14;Si;;;180.7016;74.8217;53;5452.1070;3111;751;1.8998;49;5;16;35;18;39;16;2319;576;1329;1680
CATALUNYA;GLOBAL;2021-03-07;2021-03-13;Si;;;180.7016;86.1156;61;5474.6947;3132;746;2.0998;51;4;15;38;23;42;19;2332;573;1328;1656
CATALUNYA;GLOBAL;2021-03-06;2021-03-12;Si;;;179.2898;86.1156;61;5493.0472;3128;763;2.0855;55;4;17;38;23;42;19;2338;587;1324;1598
CATALUNYA;GLOBAL;2021-03-05;2021-03-11;Si;;;182.1133;97.4094;69;5621.5147;3217;765;2.3746;57;5;14;44;25;48;23;2406;584;1571;1420
CATALUNYA;GLOBAL;2021-03-04;2021-03-10;Si;;;177.8781;88.9390;63;5826.2158;3419;708;2.1042;54;4;16;39;24;43;22;2552;537;1854;1313
CATALUNYA;GLOBAL;2021-03-03;2021-03-09;Si;;;182.1133;95.9977;68;6313.2632;3706;766;2.0777;52;6;16;44;24;48;21;2734;587;2176;1128
CATALUNYA;GLOBAL;2021-03-02;2021-03-08;Si;;;200.4658;101.6446;72;6613.9620;3876;809;2.1053;45;4;16;48;24;52;22;2893;622;2249;1231
CATALUNYA;GLOBAL;2021-03-01;2021-03-07;Si;;;199.0541;105.8798;75;7270.4171;4318;832;1.9226;43;4;15;53;22;54;20;3216;633;2247;1167
CATALUNYA;GLOBAL;2021-02-28;2021-03-06;Si;;;191.9954;94.5860;67;7237.9473;4290;837;1.7480;38;4;19;50;17;50;17;3195;638;2248;1178
CATALUNYA;GLOBAL;2021-02-27;2021-03-05;Si;;;203.2893;93.1742;66;7319.8277;4320;865;1.7322;33;5;19;50;16;51;16;3209;659;2236;1170
CATALUNYA;GLOBAL;2021-02-26;2021-03-04;Si;;;213.1714;84.7038;60;7558.4103;4484;870;1.4558;32;4;18;48;12;48;10;3319;665;2427;1222
CATALUNYA;GLOBAL;2021-02-25;2021-03-03;Si;;;238.5826;88.9390;63;8056.7516;4819;888;1.4758;33;5;18;54;9;55;8;3584;685;2684;1400
CATALUNYA;GLOBAL;2021-02-24;2021-03-02;Si;;;245.6412;86.1156;61;8420.9783;5099;866;1.3507;38;2;19;52;9;51;9;3781;661;2927;1430
CATALUNYA;GLOBAL;2021-02-23;2021-03-01;Si;;;247.0530;98.8212;70;8865.6737;5409;871;1.5679;43;3;20;60;10;63;10;3987;669;3163;1412
CATALUNYA;GLOBAL;2021-02-22;2021-02-28;Si;;;269.6407;93.1742;66;8797.9106;5304;928;1.5485;46;3;21;55;11;59;12;3886;699;3429;1708
CATALUNYA;GLOBAL;2021-02-21;2021-02-27;Si;;;273.8759;97.4094;69;8888.2614;5373;923;1.6000;48;3;25;57;12;61;13;3930;695;3457;1704
CATALUNYA;GLOBAL;2021-02-20;2021-02-26;Si;;;286.5814;110.1150;78;9047.7871;5519;890;1.6848;50;2;27;64;14;64;15;4018;671;3585;1896
CATALUNYA;GLOBAL;2021-02-19;2021-02-25;Si;;;302.1105;128.4675;91;9126.8440;5587;878;1.9950;53;2;31;73;18;76;19;4098;664;3550;2008
CATALUNYA;GLOBAL;2021-02-18;2021-02-24;Si;;;345.8742;149.6435;106;9661.8903;5953;891;2.2344;56;2;29;87;19;94;20;4421;681;3053;2009
CATALUNYA;GLOBAL;2021-02-17;2021-02-23;Si;;;393.8730;159.5256;113;9955.5304;6057;995;2.2866;57;2;31;93;20;100;20;4493;755;2302;2170
CATALUNYA;GLOBAL;2021-02-16;2021-02-22;Si;;;482.8121;148.2318;105;10623.2794;6422;1103;2.0532;59;1;29;89;16;97;18;4785;816;1940;2242
CATALUNYA;GLOBAL;2021-02-15;2021-02-21;Si;;;539.2814;176.4664;125;11045.3871;6826;998;2.1897;60;3;32;107;18;111;19;5175;762;1914;2874
CATALUNYA;GLOBAL;2021-02-14;2021-02-20;Si;;;540.6931;176.4664;125;11148.4435;6857;1040;2.1645;61;3;27;106;19;110;20;5212;794;1884;2868
CATALUNYA;GLOBAL;2021-02-13;2021-02-19;Si;;;544.9283;176.4664;125;11243.0295;6852;1112;2.1643;65;3;36;105;20;111;21;5240;859;1805;3201
CATALUNYA;GLOBAL;2021-02-12;2021-02-18;Si;;;559.0456;173.6429;123;12667.4666;7467;1506;1.8652;68;7;36;107;16;110;17;5680;1129;1418;3618
CATALUNYA;GLOBAL;2021-02-11;2021-02-17;Si;;;599.9858;196.2306;139;13580.8569;7768;1852;1.9879;70;6;38;119;20;124;21;5909;1385;1196;3972
CATALUNYA;GLOBAL;2021-02-10;2021-02-16;Si;;;655.0434;234.3474;166;14917.7666;8319;2248;2.0742;70;7;46;145;21;143;22;6257;1698;1120;4004
CATALUNYA;GLOBAL;2021-02-09;2021-02-15;Si;;;731.2769;334.5803;237;16009.0350;8877;2463;2.7536;75;8;49;206;31;203;31;6610;1888;1232;4395
CATALUNYA;GLOBAL;2021-02-08;2021-02-14;Si;;;800.4517;362.8149;257;17203.3599;9327;2859;2.8198;77;8;57;219;38;221;38;7010;2175;1054;4730
CATALUNYA;GLOBAL;2021-02-07;2021-02-13;Si;;;823.0394;364.2267;258;17625.4676;9505;2980;2.7636;83;9;66;220;38;222;38;7149;2259;1070;5106
CATALUNYA;GLOBAL;2021-02-06;2021-02-12;Si;;;872.4500;368.4619;261;18600.9740;10087;3089;2.6477;86;9;64;220;41;223;41;7627;2344;1075;5585
CATALUNYA;GLOBAL;2021-02-05;2021-02-11;Si;;;958.5656;385.4026;273;19030.1404;10276;3204;2.7061;93;6;75;228;45;231;46;7759;2477;1110;7161
CATALUNYA;GLOBAL;2021-02-04;2021-02-10;Si;;;1034.7991;403.7552;286;19923.7664;11032;3081;2.6675;99;6;90;240;46;236;47;8234;2375;1293;9325
CATALUNYA;GLOBAL;2021-02-03;2021-02-09;Si;;;1081.3863;420.6959;298;21119.5030;11918;3042;2.7388;112;6;90;251;47;263;47;8946;2373;1300;11699
CATALUNYA;GLOBAL;2021-02-02;2021-02-08;Si;;;1095.5036;396.6965;281;21351.0270;11856;3268;2.5323;117;5;100;236;45;245;45;8934;2518;1157;13649
CATALUNYA;GLOBAL;2021-02-01;2021-02-07;Si;;;1221.1477;437.6367;310;21828.1922;12143;3319;2.8145;122;4;103;263;47;278;50;9126;2528;1279;15006
CATALUNYA;GLOBAL;2021-01-31;2021-02-06;Si;;;1269.1466;458.8127;325;21730.7828;11963;3430;2.8872;123;3;108;277;48;286;49;8975;2628;1470;16613
CATALUNYA;GLOBAL;2021-01-30;2021-02-05;Si;;;1318.5572;503.9881;357;22023.0112;12037;3563;3.2107;132;3;117;297;60;316;60;9034;2677;1653;19084
CATALUNYA;GLOBAL;2021-01-29;2021-02-04;Si;;;1403.2610;573.1629;406;23587.2097;13014;3694;3.4177;142;4;134;332;74;358;73;9821;2790;1747;21756
CATALUNYA;GLOBAL;2021-01-28;2021-02-03;Si;;;1496.4353;631.0439;447;24504.8351;13133;4225;3.7124;160;4;133;342;105;382;108;9987;3212;1827;24379
CATALUNYA;GLOBAL;2021-01-27;2021-02-02;Si;;;1636.1967;660.6903;468;25844.5683;14056;4251;3.6875;163;4;146;343;125;383;130;10667;3245;2022;23285
CATALUNYA;GLOBAL;2021-01-26;2021-02-01;Si;;;1925.6017;698.8070;495;26808.7809;14659;4331;3.7042;164;4;150;363;132;400;138;11124;3400;2186;24410
CATALUNYA;GLOBAL;2021-01-25;2021-01-31;Si;;;2075.2452;783.5109;555;28027.1052;15043;4810;3.8525;177;4;167;412;143;436;145;11324;3757;2836;22817
CATALUNYA;GLOBAL;2021-01-24;2021-01-30;Si;;;2114.7737;810.3338;574;28789.4402;15516;4877;3.9437;184;4;179;412;162;446;165;11660;3833;2744;21068
CATALUNYA;GLOBAL;2021-01-23;2021-01-29;Si;;;2188.1838;814.5690;577;29203.0775;15559;5127;3.8751;184;5;176;418;159;444;163;11603;4061;2976;18368
CATALUNYA;GLOBAL;2021-01-22;2021-01-28;Si;;;2260.1821;830.0981;588;30779.9816;16300;5503;3.7500;192;4;180;423;165;439;173;12110;4210;3435;14509
CATALUNYA;GLOBAL;2021-01-21;2021-01-27;Si;;;2288.4167;865.3914;613;31696.1953;17139;5313;3.6943;193;5;188;461;152;462;152;12625;3995;3694;10027
CATALUNYA;GLOBAL;2021-01-20;2021-01-26;Si;;;2433.8250;975.5064;691;32235.4768;17340;5494;4.0249;201;5;184;515;176;511;173;12929;4065;3633;9343
CATALUNYA;GLOBAL;2021-01-19;2021-01-25;Si;;;2655.4669;1226.7946;869;35911.6256;19972;5466;4.5232;224;6;194;639;230;645;213;14982;3987;3891;5796
CATALUNYA;GLOBAL;2021-01-18;2021-01-24;Si;;;2768.4054;1291.7343;915;37101.7152;20832;5449;4.5128;223;6;183;667;248;661;225;15669;3964;4200;4787
CATALUNYA;GLOBAL;2021-01-17;2021-01-23;Si;;;2790.9931;1304.4398;924;37679.1134;21171;5519;4.5420;228;6;176;682;242;684;221;15938;3987;4429;4642
CATALUNYA;GLOBAL;2021-01-16;2021-01-22;Si;;;2831.9333;1373.6147;973;38232.5121;21597;5485;4.6716;235;6;177;719;254;719;222;16227;3916;4762;3829
CATALUNYA;GLOBAL;2021-01-15;2021-01-21;Si;;;2967.4595;1430.0839;1013;39363.3090;22438;5445;4.7136;235;5;161;743;270;753;232;16934;3963;6300;2566
CATALUNYA;GLOBAL;2021-01-14;2021-01-20;Si;;;3105.8092;1423.0253;1008;42041.3637;24185;5595;4.3875;233;7;154;741;267;756;226;18257;4125;8542;1556
CATALUNYA;GLOBAL;2021-01-13;2021-01-19;Si;;;2967.4595;1458.3186;1033;48752.7352;28388;6146;3.8768;229;6;148;770;263;784;219;21434;4438;10724;586
CATALUNYA;GLOBAL;2021-01-12;2021-01-18;Si;;;2782.5227;1428.6722;1012;52400.6493;30885;6233;3.5735;225;5;145;745;267;764;232;23366;4506;13038;244
CATALUNYA;GLOBAL;2021-01-11;2021-01-17;Si;;;2687.9367;1476.6711;1046;55852.3328;33122;6441;3.5246;229;4;138;782;264;820;230;25099;4692;14582;90
CATALUNYA;GLOBAL;2021-01-10;2021-01-16;Si;;;2697.8188;1486.5532;1053;55745.0412;33298;6189;3.4707;224;5;133;782;271;810;226;25344;4506;16288;0
CATALUNYA;GLOBAL;2021-01-09;2021-01-15;Si;;;2659.7021;1458.3186;1033;56377.4970;33861;6074;3.3510;223;6;136;740;293;771;246;25895;4454;19296;0
CATALUNYA;GLOBAL;2021-01-08;2021-01-14;Si;;;2542.5284;1537.3755;1089;56960.5421;34240;6108;3.4237;212;6;132;805;284;818;226;25976;4517;22328;0
CATALUNYA;GLOBAL;2021-01-07;2021-01-13;Si;;;2546.7636;1682.7839;1192;56761.4879;33325;6882;3.8353;200;5;129;833;359;870;300;25438;5068;25532;0
CATALUNYA;GLOBAL;2021-01-06;2021-01-12;Si;;;2471.9418;1509.1409;1069;45326.4629;26210;5897;4.2358;186;5;125;740;329;776;263;20058;4471;24258;0
CATALUNYA;GLOBAL;2021-01-05;2021-01-11;Si;;;2240.4178;1353.8504;959;38877.6734;21228;6311;4.3960;167;7;122;650;309;682;243;16321;4721;26534;0
CATALUNYA;GLOBAL;2021-01-04;2021-01-10;Si;;;2137.3614;1211.2656;858;35047.6459;18058;6768;4.3839;148;8;114;546;312;588;242;13961;4972;25067;0
CATALUNYA;GLOBAL;2021-01-03;2021-01-09;Si;;;2087.9508;1211.2656;858;34056.6104;17266;6858;4.4780;149;7;109;558;300;584;237;13300;5034;23018;0
CATALUNYA;GLOBAL;2021-01-02;2021-01-08;Si;;;2051.2458;1201.3834;851;33112.1620;16531;6924;4.6109;138;6;107;567;284;583;237;12700;5084;20518;0
CATALUNYA;GLOBAL;2021-01-01;2021-01-07;Si;;;1808.4280;1005.1528;712;26338.6743;12504;6153;4.8149;132;6;99;430;282;454;238;9838;4534;15160;0
CATALUNYA;GLOBAL;2020-12-31;2021-01-06;Si;;;1583.9627;863.9796;612;23345.8036;10564;5973;4.4302;132;5;97;392;220;382;184;8337;4439;10796;0
CATALUNYA;GLOBAL;2020-12-30;2021-01-05;Si;;;1692.6660;962.8008;682;28220.5124;12809;7181;4.1431;134;7;96;438;244;425;211;10085;5266;11263;0
CATALUNYA;GLOBAL;2020-12-29;2021-01-04;Si;;;1667.2548;886.5673;628;27708.0539;11887;7740;3.8382;136;7;85;417;211;395;177;9344;5559;6397;0
CATALUNYA;GLOBAL;2020-12-28;2021-01-03;Si;;;1644.6671;926.0958;656;28080.7510;11593;8298;3.8325;147;8;90;435;221;403;180;9114;6098;5069;0
CATALUNYA;GLOBAL;2020-12-27;2021-01-02;Si;;;1610.7856;876.6852;621;28106.1622;11434;8475;3.7008;138;9;96;403;218;387;177;8990;6250;5627;0
CATALUNYA;GLOBAL;2020-12-26;2021-01-01;Si;;;1535.9638;849.8623;602;27647.3494;11068;8516;3.6957;139;13;92;399;203;391;157;8572;6256;4295;0
CATALUNYA;GLOBAL;2020-12-25;2020-12-31;Si;;;1574.0806;803.2752;569;27603.5857;10812;8741;3.5714;141;14;95;386;183;380;146;8374;6354;4293;0
CATALUNYA;GLOBAL;2020-12-24;2020-12-30;Si;;;1550.0811;719.9830;510;34970.0007;10078;14693;2.5295;133;14;96;346;164;348;120;7872;10630;2573;0
CATALUNYA;GLOBAL;2020-12-23;2020-12-29;Si;;;1576.9040;729.8651;517;42858.7562;8903;21456;2.1398;145;13;101;352;165;364;122;7007;15705;897;0
CATALUNYA;GLOBAL;2020-12-22;2020-12-28;Si;;;1694.0777;780.6875;553;54783.6521;9538;29268;1.8244;144;12;111;379;174;397;137;7556;21714;559;0
CATALUNYA;GLOBAL;2020-12-21;2020-12-27;Si;;;1613.6090;718.5713;509;60180.7016;8845;33784;1.5906;148;11;115;330;179;355;157;7095;25095;559;0
CATALUNYA;GLOBAL;2020-12-20;2020-12-26;Si;;;1623.4912;734.1003;520;59905.4139;8896;33538;1.5875;147;10;107;330;190;354;154;7124;24875;0;0
CATALUNYA;GLOBAL;2020-12-19;2020-12-25;Si;;;1619.2560;686.1015;486;58684.2662;8431;33138;1.5052;140;5;104;308;178;331;143;6892;24598;0;0
CATALUNYA;GLOBAL;2020-12-18;2020-12-24;Si;;;1699.7247;770.8053;546;60592.9272;9848;33073;1.5959;132;4;102;367;179;379;142;8046;24600;0;0
CATALUNYA;GLOBAL;2020-12-17;2020-12-23;Si;;;1771.7230;830.0981;588;52421.8253;10862;26271;2.0437;136;4;100;402;186;428;157;8853;19772;0;0
CATALUNYA;GLOBAL;2020-12-16;2020-12-22;Si;;;1749.1353;847.0388;600;41016.4466;10780;18274;2.5413;132;3;93;442;158;444;132;8786;13880;0;0
CATALUNYA;GLOBAL;2020-12-15;2020-12-21;Si;;;1620.6677;913.3902;647;27103.8328;10253;8946;3.9771;126;4;87;495;152;492;118;8429;6909;0;0
CATALUNYA;GLOBAL;2020-12-14;2020-12-20;Si;;;1661.6079;895.0377;634;17463.1185;9966;2404;5.8355;117;4;83;515;119;512;81;8149;2013;0;0
CATALUNYA;GLOBAL;2020-12-13;2020-12-19;Si;;;1627.7264;889.3908;630;17094.6565;9866;2243;6.0870;116;4;85;516;114;521;86;8066;1906;0;0
CATALUNYA;GLOBAL;2020-12-12;2020-12-18;Si;;;1627.7264;933.1545;661;17319.1219;10099;2169;6.2169;123;4;85;534;127;539;95;8330;1868;0;0
CATALUNYA;GLOBAL;2020-12-11;2020-12-17;Si;;;1606.5504;928.9193;658;16993.0119;10114;1923;6.4526;130;4;89;523;135;542;103;8332;1664;0;0
CATALUNYA;GLOBAL;2020-12-10;2020-12-16;Si;;;1564.1984;941.6249;667;15497.9882;9393;1585;7.0730;126;3;96;545;122;556;88;7765;1340;0;0
CATALUNYA;GLOBAL;2020-12-09;2020-12-15;Si;;;1478.0828;902.0964;639;15012.3526;9128;1506;7.2958;120;3;106;491;148;524;120;7585;1242;0;0
CATALUNYA;GLOBAL;2020-12-08;2020-12-14;Si;;;1351.0270;707.2774;501;12526.2934;7509;1364;6.9429;119;1;106;364;137;397;109;6203;1085;0;0
CATALUNYA;GLOBAL;2020-12-07;2020-12-13;Si;;;1328.4393;766.5701;543;12735.2297;7758;1263;7.2082;113;0;105;405;138;423;113;6428;1008;0;0
CATALUNYA;GLOBAL;2020-12-06;2020-12-12;Si;;;1348.2035;738.3355;523;12839.6978;7769;1326;6.7988;110;0;114;397;126;404;107;6443;1073;0;0
CATALUNYA;GLOBAL;2020-12-05;2020-12-11;Si;;;1342.5566;694.5718;492;12565.8219;7618;1283;6.5816;108;0;113;379;113;387;98;6337;1032;0;0
CATALUNYA;GLOBAL;2020-12-04;2020-12-10;Si;;;1390.5555;677.6311;480;12725.3476;7684;1330;6.2986;102;1;114;371;109;380;98;6547;1042;0;0
CATALUNYA;GLOBAL;2020-12-03;2020-12-09;Si;;;1396.2024;622.5735;441;12687.2308;7735;1252;5.7801;104;1;116;331;110;337;102;6611;984;0;0
CATALUNYA;GLOBAL;2020-12-02;2020-12-08;Si;;;1351.0270;575.9864;408;12996.4000;7917;1289;5.1325;101;2;110;327;81;322;73;6709;987;0;0
CATALUNYA;GLOBAL;2020-12-01;2020-12-07;Si;;;1533.1403;643.7495;456;15241.0531;9440;1356;5.0866;103;2;114;361;95;371;90;7976;1087;0;0
CATALUNYA;GLOBAL;2020-11-30;2020-12-06;Si;;;1435.7309;561.8691;398;15157.7609;9427;1310;4.7213;99;3;123;310;88;339;87;7959;1064;0;0
CATALUNYA;GLOBAL;2020-11-29;2020-12-05;Si;;;1435.7309;609.8680;432;15034.9403;9400;1250;4.9513;102;3;118;327;105;342;100;7921;1006;0;0
CATALUNYA;GLOBAL;2020-11-28;2020-12-04;Si;;;1468.2007;647.9847;459;15149.2906;9409;1322;5.4066;110;3;131;351;108;375;107;7833;1082;0;0
CATALUNYA;GLOBAL;2020-11-27;2020-12-03;Si;;;1579.7275;712.9244;505;15164.8196;9565;1177;6.0170;112;3;128;395;110;424;107;7840;985;0;0
CATALUNYA;GLOBAL;2020-11-26;2020-12-02;Si;;;1668.6666;773.6288;548;14381.3086;9064;1123;6.4871;110;4;127;410;138;432;110;7437;918;0;0
CATALUNYA;GLOBAL;2020-11-25;2020-12-01;Si;;;1740.6649;775.0405;549;13559.6809;8604;1001;7.9511;109;4;142;403;146;504;120;7008;840;0;0
CATALUNYA;GLOBAL;2020-11-24;2020-11-30;Si;;;1838.0743;889.3908;630;13762.9702;8706;1043;7.8841;106;5;131;490;140;508;115;7026;876;0;0
CATALUNYA;GLOBAL;2020-11-23;2020-11-29;Si;;;1871.9559;873.8617;619;13922.4959;8744;1118;7.4135;102;4;126;483;136;482;107;7012;933;0;0
CATALUNYA;GLOBAL;2020-11-22;2020-11-28;Si;;;1838.0743;825.8629;585;13970.4948;8731;1165;7.2209;99;4;123;462;123;477;98;7003;960;0;0
CATALUNYA;GLOBAL;2020-11-21;2020-11-27;Si;;;1866.3090;820.2159;581;13827.9099;8692;1103;6.9885;94;5;110;453;128;457;96;7022;891;0;0
CATALUNYA;GLOBAL;2020-11-20;2020-11-26;Si;;;1942.5425;866.8031;614;13939.4367;8772;1102;7.0805;95;4;108;486;128;476;92;7121;901;0;0
CATALUNYA;GLOBAL;2020-11-19;2020-11-25;Si;;;2004.6587;895.0377;634;14996.8236;9506;1117;7.2477;103;4;110;518;116;524;93;7597;916;0;0
CATALUNYA;GLOBAL;2020-11-18;2020-11-24;Si;;;2082.3039;965.6243;684;15952.5658;10177;1123;6.3581;99;4;106;558;126;477;100;8149;926;0;0
CATALUNYA;GLOBAL;2020-11-17;2020-11-23;Si;;;2186.7720;948.6835;672;15924.3311;10145;1135;7.1176;98;4;125;546;126;540;105;8137;925;0;0
CATALUNYA;GLOBAL;2020-11-16;2020-11-22;Si;;;2272.8876;998.0941;707;15968.0948;10319;992;7.5526;127;6;130;571;136;575;111;8278;805;0;0
CATALUNYA;GLOBAL;2020-11-15;2020-11-21;Si;;;2296.8871;1012.2114;717;15939.8602;10368;923;7.6999;132;6;136;580;137;586;114;8335;756;0;0
CATALUNYA;GLOBAL;2020-11-14;2020-11-20;Si;;;2438.0602;1046.0930;741;16325.2629;10628;936;7.6890;133;6;144;610;131;611;107;8572;766;0;0
CATALUNYA;GLOBAL;2020-11-13;2020-11-19;Si;;;2438.0602;1075.7393;762;16620.3148;10757;1016;7.7247;142;7;155;599;163;602;131;8647;842;0;0
CATALUNYA;GLOBAL;2020-11-12;2020-11-18;Si;;;2510.0585;1109.6209;786;16473.4947;10588;1081;8.0488;148;8;157;626;160;627;139;8616;901;0;0
CATALUNYA;GLOBAL;2020-11-11;2020-11-17;Si;;;2566.5278;1116.6796;791;16668.3136;10692;1115;8.0871;161;7;159;647;144;657;123;8744;901;0;0
CATALUNYA;GLOBAL;2020-11-10;2020-11-16;Si;;;2696.4071;1238.0885;877;17601.4682;11375;1093;8.5476;166;7;157;714;163;737;134;9312;878;0;0
CATALUNYA;GLOBAL;2020-11-09;2020-11-15;Si;;;2834.7568;1274.7935;903;18332.7451;11777;1209;8.1826;149;6;162;723;180;716;148;9582;977;0;0
CATALUNYA;GLOBAL;2020-11-08;2020-11-14;Si;;;2905.3434;1284.6756;910;18471.0947;11859;1225;8.2066;150;6;171;725;185;725;149;9660;990;0;0
CATALUNYA;GLOBAL;2020-11-07;2020-11-13;Si;;;2964.6361;1391.9672;986;18531.7992;11882;1245;8.8725;159;7;166;800;186;799;150;9682;1014;0;0
CATALUNYA;GLOBAL;2020-11-06;2020-11-12;Si;;;2992.8707;1362.3208;965;18336.9803;11447;1542;8.8017;153;8;168;783;182;782;145;9263;1269;0;0
CATALUNYA;GLOBAL;2020-11-05;2020-11-11;Si;;;2944.8718;1400.4376;992;19270.1348;12036;1614;8.6052;145;7;171;784;208;795;160;9759;1339;0;0
CATALUNYA;GLOBAL;2020-11-04;2020-11-10;Si;;;2975.9299;1449.8482;1027;19693.6542;12164;1786;8.8018;165;8;161;801;226;821;178;9859;1491;0;0
CATALUNYA;GLOBAL;2020-11-03;2020-11-09;Si;;;2951.9305;1458.3186;1033;19226.3711;11514;2105;8.5637;180;8;165;782;251;758;187;9274;1761;0;0
CATALUNYA;GLOBAL;2020-11-02;2020-11-08;Si;;;3030.9875;1559.9632;1105;18603.7975;10820;2358;9.7884;195;7;161;825;280;835;215;8801;1926;0;0
CATALUNYA;GLOBAL;2020-11-01;2020-11-07;Si;;;3081.8098;1620.6677;1148;18774.6170;10930;2369;9.9538;197;7;152;866;282;856;221;8886;1934;0;0
CATALUNYA;GLOBAL;2020-10-31;2020-11-06;Si;;;3026.7523;1572.6688;1114;19364.7208;11285;2432;9.4013;198;7;163;819;295;822;230;9191;1999;0;0
CATALUNYA;GLOBAL;2020-10-30;2020-11-05;Si;;;3135.4556;1630.5498;1155;20036.7050;11718;2475;9.2882;209;6;167;860;295;854;233;9684;2019;0;0
CATALUNYA;GLOBAL;2020-10-29;2020-11-04;Si;;;3303.4516;1544.4342;1094;19248.9588;11228;2407;8.9477;209;9;149;806;288;781;219;9221;1955;0;0
CATALUNYA;GLOBAL;2020-10-28;2020-11-03;Si;;;3488.3885;1526.0817;1081;18500.7411;10784;2321;9.0533;181;10;145;796;285;776;208;8959;1910;0;0
CATALUNYA;GLOBAL;2020-10-27;2020-11-02;Si;;;3519.4466;1493.6119;1058;19119.0795;11671;1872;8.7401;169;14;129;821;237;812;180;9808;1542;0;0
CATALUNYA;GLOBAL;2020-10-26;2020-11-01;Si;;;3478.5063;1471.0242;1042;18855.0857;11931;1425;8.9727;168;15;123;857;185;876;138;10098;1203;0;0
CATALUNYA;GLOBAL;2020-10-25;2020-10-31;Si;;;3414.9784;1461.1420;1035;19078.1393;12113;1401;8.8710;180;15;113;846;189;876;140;10268;1185;0;0
CATALUNYA;GLOBAL;2020-10-24;2020-10-30;Si;;;3318.9807;1454.0834;1030;19230.6063;12334;1288;8.8858;173;13;95;852;178;886;138;10455;1069;0;0
CATALUNYA;GLOBAL;2020-10-23;2020-10-29;Si;;;3183.4545;1504.9057;1066;18380.7439;12206;814;10.1335;166;13;79;913;153;974;127;10192;673;0;0
CATALUNYA;GLOBAL;2020-10-22;2020-10-28;Si;;;3158.0433;1759.0174;1246;18224.0417;12188;721;12.1669;169;10;81;1097;149;1195;129;10282;600;0;0
CATALUNYA;GLOBAL;2020-10-21;2020-10-27;Si;;;3083.2215;1962.3067;1390;18492.2707;12612;487;12.9109;169;11;71;1233;157;1280;138;10576;407;0;0
CATALUNYA;GLOBAL;2020-10-20;2020-10-26;Si;;;2837.5802;2025.8346;1435;17566.1749;12034;409;13.5262;163;7;63;1280;155;1286;126;10096;343;0;0
CATALUNYA;GLOBAL;2020-10-19;2020-10-25;Si;;;2606.0563;2007.4821;1422;17487.1179;12051;336;12.9967;144;8;64;1284;138;1231;110;10033;285;0;0
CATALUNYA;GLOBAL;2020-10-18;2020-10-24;Si;;;2586.2920;1953.8363;1384;16964.7772;11722;295;13.0561;129;8;61;1264;120;1214;92;9753;250;0;0
CATALUNYA;GLOBAL;2020-10-17;2020-10-23;Si;;;2476.1770;1864.8972;1321;15540.3402;10756;252;13.4076;121;8;59;1210;111;1146;82;8941;218;0;0
CATALUNYA;GLOBAL;2020-10-16;2020-10-22;Si;;;2244.6530;1678.5487;1189;14443.4248;10064;167;12.5202;116;7;61;1097;92;1026;59;8516;150;0;0
CATALUNYA;GLOBAL;2020-10-15;2020-10-21;Si;;;1956.6598;1399.0259;991;13799.6753;9704;71;9.8888;111;7;57;936;55;786;32;8206;66;0;0
CATALUNYA;GLOBAL;2020-10-14;2020-10-20;Si;;;1612.1973;1120.9148;794;12273.5935;8673;21;8.9098;111;5;58;772;22;657;5;7413;17;0;0
CATALUNYA;GLOBAL;2020-10-13;2020-10-19;Si;;;1307.2633;811.7456;575;10710.8068;7578;9;7.6993;104;4;61;567;8;503;3;6566;6;0;0
CATALUNYA;GLOBAL;2020-10-12;2020-10-18;Si;;;1135.0321;598.5741;424;8713.2067;6170;2;7.0250;105;4;52;418;6;378;1;5393;2;0;0
CATALUNYA;GLOBAL;2020-10-11;2020-10-17;Si;;;1108.2092;632.4557;448;8910.8491;6311;1;7.2516;103;5;52;443;5;399;1;5515;1;0;0
CATALUNYA;GLOBAL;2020-10-10;2020-10-16;Si;;;1067.2690;611.2797;433;9214.3714;6527;0;6.9296;98;5;56;430;3;390;0;5628;0;0;0
CATALUNYA;GLOBAL;2020-10-09;2020-10-15;Si;;;1120.9148;566.1043;401;8480.2710;6007;0;6.7919;99;5;52;397;4;347;0;5109;0;0;0
CATALUNYA;GLOBAL;2020-10-08;2020-10-14;Si;;;988.2120;557.6339;395;7463.8243;5287;0;8.3763;95;5;51;392;3;374;0;4465;0;0;0
CATALUNYA;GLOBAL;2020-10-07;2020-10-13;Si;;;919.0371;491.2825;348;7136.3026;5055;0;7.8376;93;4;55;346;2;332;0;4236;0;0;0
CATALUNYA;GLOBAL;2020-10-06;2020-10-12;Si;;;981.1533;495.5177;351;6846.8977;4850;0;8.4019;95;4;56;349;2;337;0;4011;0;0;0
CATALUNYA;GLOBAL;2020-10-05;2020-10-11;Si;;;1024.9170;536.4579;380;7562.6455;5357;0;8.2311;93;3;55;378;2;369;0;4483;0;0;0
CATALUNYA;GLOBAL;2020-10-04;2020-10-10;Si;;;959.9774;475.7535;337;7302.8869;5173;0;7.5838;90;2;57;335;2;328;0;4325;0;0;0
CATALUNYA;GLOBAL;2020-10-03;2020-10-09;Si;;;935.9779;455.9892;323;6856.7798;4857;0;7.6365;88;2;50;321;2;316;0;4138;0;0;0
CATALUNYA;GLOBAL;2020-10-02;2020-10-08;Si;;;896.4494;554.8104;393;8077.9275;5722;0;7.9715;81;2;45;393;0;391;0;4905;0;0;0
CATALUNYA;GLOBAL;2020-10-01;2020-10-07;Si;;;791.9813;430.5781;305;7712.2891;5463;0;6.5983;80;2;44;305;0;309;0;4683;0;0;0
CATALUNYA;GLOBAL;2020-09-30;2020-10-06;Si;;;732.6886;427.7546;303;7499.1176;5312;0;6.7953;73;2;41;303;0;310;0;4562;0;0;0
CATALUNYA;GLOBAL;2020-09-29;2020-10-05;Si;;;694.5718;485.6356;344;7489.2355;5304;1;7.8804;69;3;40;344;0;361;0;4580;1;0;0
CATALUNYA;GLOBAL;2020-09-28;2020-10-04;Si;;;683.2780;488.4590;346;7950.8717;5631;1;7.2240;59;2;37;346;0;356;0;4927;1;0;0
CATALUNYA;GLOBAL;2020-09-27;2020-10-03;Si;;;693.1601;484.2239;343;7820.9924;5539;1;7.2524;58;2;35;343;0;350;0;4825;1;0;0
CATALUNYA;GLOBAL;2020-09-26;2020-10-02;Si;;;708.6892;479.9887;340;7897.2259;5593;1;7.0945;60;2;34;340;0;346;0;4876;1;0;0
CATALUNYA;GLOBAL;2020-09-25;2020-10-01;Si;;;590.1037;341.6390;242;6769.2524;4792;3;5.8477;59;2;34;242;0;248;0;4238;3;0;0
CATALUNYA;GLOBAL;2020-09-24;2020-09-30;Si;;;607.0445;361.4032;256;7060.0691;4998;3;5.5988;56;1;37;256;0;252;0;4498;3;0;0
CATALUNYA;GLOBAL;2020-09-23;2020-09-29;Si;;;605.6328;304.9340;216;7079.8334;5011;4;4.6889;58;1;37;216;0;211;0;4497;3;0;0
CATALUNYA;GLOBAL;2020-09-22;2020-09-28;Si;;;502.5764;208.9362;148;6958.4245;4926;3;2.9002;61;1;33;148;0;129;0;4446;2;0;0
CATALUNYA;GLOBAL;2020-09-21;2020-09-27;Si;;;509.6350;194.8189;138;6508.0821;4607;3;3.0691;63;2;33;138;0;127;0;4136;2;0;0
CATALUNYA;GLOBAL;2020-09-20;2020-09-26;Si;;;578.8099;208.9362;148;6501.0235;4602;3;3.4000;67;2;28;148;0;141;0;4145;2;0;0
CATALUNYA;GLOBAL;2020-09-19;2020-09-25;Si;;;649.3964;228.7005;162;6550.4341;4637;3;3.4689;61;2;33;162;0;145;0;4178;2;0;0
CATALUNYA;GLOBAL;2020-09-18;2020-09-24;Si;;;626.8087;248.4647;176;6652.0787;4711;1;3.9411;56;3;30;176;0;166;0;4212;0;0;0
CATALUNYA;GLOBAL;2020-09-17;2020-09-23;Si;;;612.6914;245.6412;174;6591.3743;4668;1;4.2768;49;3;22;174;0;178;0;4162;0;0;0
CATALUNYA;GLOBAL;2020-09-16;2020-09-22;Si;;;612.6914;300.6988;213;6554.6693;4643;0;5.2657;47;4;18;213;0;218;0;4140;0;0;0
CATALUNYA;GLOBAL;2020-09-15;2020-09-21;Si;;;608.4562;293.6401;208;6268.0878;4440;0;5.8125;42;3;17;208;0;230;0;3957;0;0;0
CATALUNYA;GLOBAL;2020-09-14;2020-09-20;Si;;;588.6920;314.8161;223;6769.2524;4795;0;5.4297;41;2;21;223;0;230;0;4236;0;0;0
CATALUNYA;GLOBAL;2020-09-13;2020-09-19;Si;;;580.2216;369.8736;262;6815.8396;4828;0;6.2353;31;2;21;262;0;266;0;4266;0;0;0
CATALUNYA;GLOBAL;2020-09-12;2020-09-18;Si;;;566.1043;420.6959;298;6767.8407;4794;0;7.0064;34;2;15;298;0;297;0;4239;0;0;0
CATALUNYA;GLOBAL;2020-09-11;2020-09-17;Si;;;542.1048;378.3440;268;5861.5091;4152;0;7.0943;31;1;16;268;0;261;0;3679;0;0;0
CATALUNYA;GLOBAL;2020-09-10;2020-09-16;Si;;;549.1635;367.0501;260;6162.2079;4365;0;6.4607;36;1;18;260;0;251;0;3885;0;0;0
CATALUNYA;GLOBAL;2020-09-09;2020-09-15;Si;;;554.8104;311.9926;221;6378.2028;4518;0;5.2448;32;0;18;221;0;211;0;4023;0;0;0
CATALUNYA;GLOBAL;2020-09-08;2020-09-14;Si;;;567.5160;314.8161;223;6838.4273;4844;0;4.7441;32;0;19;223;0;203;0;4279;0;0;0
CATALUNYA;GLOBAL;2020-09-07;2020-09-13;Si;;;527.9875;273.8759;194;6337.2626;4489;0;4.7497;35;0;12;194;0;186;0;3916;0;0;0
CATALUNYA;GLOBAL;2020-09-06;2020-09-12;Si;;;463.0479;210.3479;149;6286.4403;4453;0;3.6513;43;0;18;149;0;142;0;3889;0;0;0
CATALUNYA;GLOBAL;2020-09-05;2020-09-11;Si;;;388.2261;145.4083;103;6211.6185;4400;0;2.9757;44;1;18;103;0;114;0;3831;0;0;0
CATALUNYA;GLOBAL;2020-09-04;2020-09-10;Si;;;419.2842;163.7608;116;7826.6393;5544;0;2.6598;46;1;18;116;0;129;0;4850;0;0;0
CATALUNYA;GLOBAL;2020-09-03;2020-09-09;Si;;;434.8132;182.1133;129;8188.0426;5800;0;2.9904;48;1;24;129;0;152;0;5083;0;0;0
CATALUNYA;GLOBAL;2020-09-02;2020-09-08;Si;;;491.2825;242.8178;172;8024.2817;5684;0;3.4448;49;1;25;172;0;172;0;4993;0;0;0
CATALUNYA;GLOBAL;2020-09-01;2020-09-07;Si;;;526.5758;252.6999;179;8027.1052;5686;0;3.5360;49;1;28;179;0;178;0;5034;0;0;0
CATALUNYA;GLOBAL;2020-08-31;2020-09-06;Si;;;513.8702;254.1116;180;8128.7499;5757;1;3.4235;49;1;27;180;0;176;0;5140;1;0;0
CATALUNYA;GLOBAL;2020-08-30;2020-09-05;Si;;;516.6937;252.6999;179;8120.2795;5751;1;3.3925;46;1;26;179;0;174;0;5128;1;0;0
CATALUNYA;GLOBAL;2020-08-29;2020-09-04;Si;;;523.7523;242.8178;172;8110.3974;5744;1;3.1659;41;0;28;172;0;162;0;5116;1;0;0
CATALUNYA;GLOBAL;2020-08-28;2020-09-03;Si;;;540.6931;255.5233;181;7699.5835;5453;1;3.5217;41;0;29;181;0;172;0;4883;1;0;0
CATALUNYA;GLOBAL;2020-08-27;2020-09-02;Si;;;542.1048;252.6999;179;7365.0031;5216;1;3.4671;36;0;24;179;0;159;0;4585;1;0;0
CATALUNYA;GLOBAL;2020-08-26;2020-09-01;Si;;;464.4596;248.4647;176;7737.7002;5480;1;3.6838;38;0;26;176;0;178;0;4831;1;0;0
CATALUNYA;GLOBAL;2020-08-25;2020-08-31;Si;;;461.6361;273.8759;194;7826.6393;5543;1;3.9705;40;0;24;194;0;194;0;4885;1;0;0
CATALUNYA;GLOBAL;2020-08-24;2020-08-30;Si;;;436.2250;259.7585;184;7957.9304;5637;0;3.6993;39;0;32;184;0;185;0;5001;0;0;0
CATALUNYA;GLOBAL;2020-08-23;2020-08-29;Si;;;439.0484;263.9937;187;7976.2829;5650;0;4.0654;38;1;31;187;0;204;0;5018;0;0;0
CATALUNYA;GLOBAL;2020-08-22;2020-08-28;Si;;;443.2836;280.9345;199;8183.8074;5797;0;3.9930;42;1;32;199;0;205;0;5134;0;0;0
CATALUNYA;GLOBAL;2020-08-21;2020-08-27;Si;;;419.2842;285.1697;202;8172.5135;5789;0;3.8079;46;1;32;202;0;195;0;5121;0;0;0
CATALUNYA;GLOBAL;2020-08-20;2020-08-26;Si;;;413.6373;289.4049;205;7727.8181;5474;0;3.9909;44;1;35;205;0;193;0;4836;0;0;0
CATALUNYA;GLOBAL;2020-08-19;2020-08-25;Si;;;376.9323;215.9949;153;7206.8892;5105;0;3.2915;41;2;33;153;0;147;0;4466;0;0;0
CATALUNYA;GLOBAL;2020-08-18;2020-08-24;Si;;;392.4613;187.7602;133;7054.4222;4997;0;2.9053;41;3;33;133;0;124;0;4268;0;0;0
CATALUNYA;GLOBAL;2020-08-17;2020-08-23;Si;;;413.6373;176.4664;125;6645.0201;4707;0;2.9691;45;3;28;125;0;119;0;4008;0;0;0
CATALUNYA;GLOBAL;2020-08-16;2020-08-22;Si;;;409.4021;175.0547;124;6691.6072;4740;0;2.5285;45;3;25;124;0;102;0;4034;0;0;0
CATALUNYA;GLOBAL;2020-08-15;2020-08-21;Si;;;398.1082;162.3491;115;6472.7888;4585;0;2.6598;45;3;24;115;0;104;0;3910;0;0;0
CATALUNYA;GLOBAL;2020-08-14;2020-08-20;Si;;;448.9306;134.1144;95;5992.8001;4245;0;2.8373;41;3;27;95;0;102;0;3595;0;0;0
CATALUNYA;GLOBAL;2020-08-13;2020-08-19;Si;;;470.1065;124.2323;88;6316.0866;4473;1;2.4532;47;4;24;88;0;93;0;3790;1;0;0
CATALUNYA;GLOBAL;2020-08-12;2020-08-18;Si;;;489.8708;160.9373;114;6622.4324;4690;1;3.0326;54;3;25;114;0;121;0;3989;1;0;0
CATALUNYA;GLOBAL;2020-08-11;2020-08-17;Si;;;509.6350;204.7010;145;6509.4938;4610;1;3.8587;57;2;27;145;0;154;0;3990;1;0;0
CATALUNYA;GLOBAL;2020-08-10;2020-08-16;Si;;;525.1641;237.1708;168;6543.3754;4634;1;4.1885;55;3;26;168;0;168;0;4010;1;0;0
CATALUNYA;GLOBAL;2020-08-09;2020-08-15;Si;;;522.3406;234.3474;166;6413.4961;4542;1;4.2515;55;3;30;166;0;167;0;3927;1;0;0
CATALUNYA;GLOBAL;2020-08-08;2020-08-14;Si;;;525.1641;235.7591;167;6615.3737;4685;1;4.2847;53;4;30;167;0;174;0;4060;1;0;0
CATALUNYA;GLOBAL;2020-08-07;2020-08-13;Si;;;544.9283;314.8161;223;6712.7832;4754;1;5.2413;56;4;27;223;0;215;0;4101;1;0;0
CATALUNYA;GLOBAL;2020-08-06;2020-08-12;Si;;;566.1043;345.8742;245;6643.6083;4706;0;5.8491;51;3;28;245;0;238;0;4069;0;0;0
CATALUNYA;GLOBAL;2020-08-05;2020-08-11;Si;;;598.5741;328.9334;233;6585.7273;4665;0;5.4532;48;4;28;233;0;219;0;4016;0;0;0
CATALUNYA;GLOBAL;2020-08-04;2020-08-10;Si;;;605.6328;304.9340;216;6585.7273;4665;0;5.1456;44;4;28;216;0;205;0;3984;0;0;0
CATALUNYA;GLOBAL;2020-08-03;2020-08-09;Si;;;591.5154;287.9932;204;6571.6100;4655;0;5.0566;49;3;30;204;0;201;0;3975;0;0;0
CATALUNYA;GLOBAL;2020-08-02;2020-08-08;Si;;;591.5154;287.9932;204;6753.7234;4784;0;4.9498;51;2;29;204;0;202;0;4081;0;0;0
CATALUNYA;GLOBAL;2020-08-01;2020-08-07;Si;;;598.5741;289.4049;205;6937.2485;4914;0;4.8453;55;1;30;205;0;202;0;4169;0;0;0
CATALUNYA;GLOBAL;2020-07-31;2020-08-06;Si;;;546.3400;230.1122;163;7096.7741;5027;0;3.7652;55;1;30;163;0;161;0;4276;0;0;0
CATALUNYA;GLOBAL;2020-07-30;2020-08-05;Si;;;512.4585;220.2301;156;6993.7177;4953;1;3.9378;60;1;29;156;0;167;0;4240;1;0;0
CATALUNYA;GLOBAL;2020-07-29;2020-08-04;Si;;;513.8702;269.6407;191;7057.2457;4998;1;4.8548;67;0;28;191;0;209;0;4304;1;0;0
CATALUNYA;GLOBAL;2020-07-28;2020-08-03;Si;;;489.8708;300.6988;213;6993.7177;4953;1;5.1628;68;0;27;213;0;222;0;4299;1;0;0
CATALUNYA;GLOBAL;2020-07-27;2020-08-02;Si;;;509.6350;303.5222;215;6805.9575;4819;2;5.1497;66;0;27;215;0;215;0;4173;2;0;0
CATALUNYA;GLOBAL;2020-07-26;2020-08-01;Si;;;526.5758;303.5222;215;6828.5452;4834;3;5.1749;62;0;28;215;0;216;0;4171;3;0;0
CATALUNYA;GLOBAL;2020-07-25;2020-07-31;Si;;;567.5160;309.1691;219;6702.9011;4745;3;5.1741;63;1;28;219;0;214;0;4133;3;0;0
CATALUNYA;GLOBAL;2020-07-24;2020-07-30;Si;;;564.6925;316.2278;224;6615.3737;4683;3;5.4908;65;1;27;224;0;226;0;4113;3;0;0
CATALUNYA;GLOBAL;2020-07-23;2020-07-29;Si;;;549.1635;292.2284;207;6612.5502;4682;2;4.8079;66;1;25;207;0;199;0;4137;2;0;0
CATALUNYA;GLOBAL;2020-07-22;2020-07-28;Si;;;550.5752;244.2295;173;6601.2564;4674;2;3.7843;54;1;24;173;0;153;0;4041;2;0;0
CATALUNYA;GLOBAL;2020-07-21;2020-07-27;Si;;;488.4590;189.1720;134;6481.2592;4589;2;3.0380;54;1;21;134;0;120;0;3948;2;0;0
CATALUNYA;GLOBAL;2020-07-20;2020-07-26;Si;;;484.2239;206.1127;146;6654.9022;4713;1;3.4500;49;2;19;146;0;140;0;4057;1;0;0
CATALUNYA;GLOBAL;2020-07-19;2020-07-25;Si;;;485.6356;223.0535;158;6766.4290;4793;0;3.6066;58;2;13;158;0;150;0;4159;0;0;0
CATALUNYA;GLOBAL;2020-07-18;2020-07-24;Si;;;478.5769;258.3468;183;6765.0172;4792;0;4.6383;54;1;11;183;0;193;0;4161;0;0;0
CATALUNYA;GLOBAL;2020-07-17;2020-07-23;Si;;;454.5775;248.4647;176;6575.8452;4658;0;4.7053;51;1;9;176;0;190;0;4038;0;0;0
CATALUNYA;GLOBAL;2020-07-16;2020-07-22;Si;;;453.1658;256.9351;182;6327.3805;4481;1;4.7865;49;1;8;182;0;185;0;3864;1;0;0
CATALUNYA;GLOBAL;2020-07-15;2020-07-21;Si;;;451.7540;306.3457;217;6107.1504;4325;1;6.0329;52;1;9;217;0;231;0;3828;1;0;0
CATALUNYA;GLOBAL;2020-07-14;2020-07-20;Si;;;468.6948;299.2870;212;6074.6805;4302;1;5.9729;50;1;9;212;0;229;0;3833;1;0;0
CATALUNYA;GLOBAL;2020-07-13;2020-07-19;Si;;;429.1663;278.1111;197;5981.5063;4236;1;5.5716;50;0;7;197;0;212;0;3804;1;0;0
CATALUNYA;GLOBAL;2020-07-12;2020-07-18;Si;;;405.1669;262.5820;186;5892.5672;4173;1;5.5437;42;0;9;186;0;208;0;3751;1;0;0
CATALUNYA;GLOBAL;2020-07-11;2020-07-17;Si;;;368.4619;220.2301;156;5553.7516;3933;1;4.4653;41;0;9;156;0;157;0;3515;1;0;0
CATALUNYA;GLOBAL;2020-07-10;2020-07-16;Si;;;337.4038;206.1127;146;5476.1064;3877;2;4.1461;38;0;9;146;0;143;0;3447;2;0;0
CATALUNYA;GLOBAL;2020-07-09;2020-07-15;Si;;;313.4043;196.2306;139;5679.3957;4021;2;4.0997;29;0;10;139;0;148;0;3608;2;0;0
CATALUNYA;GLOBAL;2020-07-08;2020-07-14;Si;;;234.3474;145.4083;103;5467.6360;3871;2;2.9752;26;0;9;103;0;103;0;3460;2;0;0
CATALUNYA;GLOBAL;2020-07-07;2020-07-13;Si;;;218.8183;169.4077;120;5371.6383;3803;2;2.8165;27;2;10;120;0;95;0;3371;2;0;0
CATALUNYA;GLOBAL;2020-07-06;2020-07-12;Si;;;194.8189;151.0552;107;5094.9389;3606;3;2.5892;32;2;12;107;0;82;0;3164;3;0;0
CATALUNYA;GLOBAL;2020-07-05;2020-07-11;Si;;;187.7602;142.5848;101;4843.6507;3428;3;2.2992;32;2;10;101;0;69;0;2998;3;0;0
CATALUNYA;GLOBAL;2020-07-04;2020-07-10;Si;;;180.7016;148.2318;105;4740.5943;3355;3;2.6630;31;2;9;105;0;78;0;2926;3;0;0
CATALUNYA;GLOBAL;2020-07-03;2020-07-09;Si;;;177.8781;131.2910;93;4424.3664;3132;2;2.4544;31;2;11;93;0;66;0;2687;2;0;0
CATALUNYA;GLOBAL;2020-07-02;2020-07-08;Si;;;155.2904;117.1737;83;4058.7280;2873;2;2.2670;36;2;11;83;0;54;0;2380;2;0;0
CATALUNYA;GLOBAL;2020-07-01;2020-07-07;Si;;;125.6441;88.9390;63;3863.9090;2735;2;1.6466;38;2;10;63;0;37;0;2245;2;0;0
CATALUNYA;GLOBAL;2020-06-30;2020-07-06;Si;;;94.5860;49.4106;35;3712.8538;2627;3;1.5038;36;0;10;35;0;32;0;2126;2;0;0
CATALUNYA;GLOBAL;2020-06-29;2020-07-05;Si;;;88.9390;43.7636;31;3546.2694;2510;2;1.4978;35;0;10;31;0;30;0;2002;1;0;0
CATALUNYA;GLOBAL;2020-06-28;2020-07-04;Si;;;88.9390;45.1754;32;3590.0331;2541;2;1.5331;34;0;12;32;0;31;0;2021;1;0;0
CATALUNYA;GLOBAL;2020-06-27;2020-07-03;Si;;;76.2335;32.4698;23;3636.6203;2574;2;1.0816;35;0;12;23;0;22;0;2033;1;0;0
CATALUNYA;GLOBAL;2020-06-26;2020-07-02;Si;;;77.6452;46.5871;33;3815.9102;2701;2;1.4493;36;0;12;33;0;31;0;2138;1;0;0
CATALUNYA;GLOBAL;2020-06-25;2020-07-01;Si;;;80.4686;38.1167;27;3608.3856;2555;1;1.2922;34;0;12;27;0;26;0;2012;0;0;0
CATALUNYA;GLOBAL;2020-06-24;2020-06-30;Si;;;91.7625;36.7050;26;3234.2768;2290;1;1.4509;33;0;13;26;0;26;0;1792;0;0;0
CATALUNYA;GLOBAL;2020-06-23;2020-06-29;Si;;;98.8212;45.1754;32;3227.2181;2286;0;1.8519;35;0;12;32;0;32;0;1728;0;0;0
CATALUNYA;GLOBAL;2020-06-22;2020-06-28;Si;;;103.0563;45.1754;32;3286.5109;2328;0;1.8540;31;0;12;32;0;32;0;1726;0;0;0
CATALUNYA;GLOBAL;2020-06-21;2020-06-27;Si;;;111.5267;43.7636;31;3234.2768;2291;0;1.8257;30;0;11;31;0;31;0;1698;0;0;0
CATALUNYA;GLOBAL;2020-06-20;2020-06-26;Si;;;111.5267;43.7636;31;3228.6299;2287;0;1.8214;34;0;14;31;0;31;0;1702;0;0;0
CATALUNYA;GLOBAL;2020-06-19;2020-06-25;Si;;;119.9971;31.0580;22;3141.1025;2225;0;1.3043;36;0;13;22;0;21;0;1610;0;0;0
CATALUNYA;GLOBAL;2020-06-18;2020-06-24;Si;;;118.5854;42.3519;30;3414.9784;2419;0;1.8465;35;0;12;30;0;32;0;1733;0;0;0
CATALUNYA;GLOBAL;2020-06-17;2020-06-23;Si;;;135.5262;55.0575;39;4022.0230;2849;0;1.9857;34;0;12;39;0;39;0;1964;0;0;0
CATALUNYA;GLOBAL;2020-06-16;2020-06-22;Si;;;135.5262;53.6457;38;4188.6073;2966;1;1.9539;36;1;13;38;0;39;0;1995;1;0;0
CATALUNYA;GLOBAL;2020-06-15;2020-06-21;Si;;;167.9960;57.8809;41;4253.5469;3012;1;2.0408;35;2;17;41;0;42;0;2057;1;0;0
CATALUNYA;GLOBAL;2020-06-14;2020-06-20;Si;;;187.7602;67.7631;48;4310.0162;3052;1;2.3866;37;2;20;48;0;50;0;2094;1;0;0
CATALUNYA;GLOBAL;2020-06-13;2020-06-19;Si;;;194.8189;67.7631;48;4336.8391;3071;1;2.3866;33;2;20;48;0;50;0;2094;1;0;0
CATALUNYA;GLOBAL;2020-06-12;2020-06-18;Si;;;214.5831;88.9390;63;4849.2976;3434;1;2.9610;30;2;20;63;0;66;0;2228;1;0;0
CATALUNYA;GLOBAL;2020-06-11;2020-06-17;Si;;;237.1708;76.2335;54;4928.3546;3490;1;2.4512;31;3;24;54;0;54;0;2202;1;0;0
CATALUNYA;GLOBAL;2020-06-10;2020-06-16;Si;;;232.9356;80.4686;57;5100.5858;3612;1;2.5732;37;4;25;57;0;58;0;2253;1;0;0
CATALUNYA;GLOBAL;2020-06-09;2020-06-15;Si;;;242.8178;81.8804;58;5449.2835;3859;1;2.8002;36;3;22;58;0;66;0;2356;1;0;0
CATALUNYA;GLOBAL;2020-06-08;2020-06-14;Si;;;247.0530;110.1150;78;5737.2767;4063;1;3.0807;39;2;20;78;0;76;0;2466;1;0;0
CATALUNYA;GLOBAL;2020-06-07;2020-06-13;Si;;;241.4060;119.9971;85;5845.9800;4140;1;3.2596;38;2;19;85;0;81;0;2484;1;0;0
CATALUNYA;GLOBAL;2020-06-06;2020-06-12;Si;;;266.8172;127.0558;90;6054.9163;4288;1;3.4171;38;2;21;90;0;87;0;2545;1;0;0
CATALUNYA;GLOBAL;2020-06-05;2020-06-11;Si;;;293.6401;125.6441;89;6349.9682;4497;1;3.2258;44;2;24;89;0;88;0;2727;1;0;0
CATALUNYA;GLOBAL;2020-06-04;2020-06-10;Si;;;330.3451;160.9373;114;6835.6038;4841;1;3.2838;44;1;25;114;0;95;0;2892;1;0;0
CATALUNYA;GLOBAL;2020-06-03;2020-06-09;Si;;;330.3451;152.4670;108;6865.2502;4862;1;3.2269;40;0;36;108;0;93;0;2881;1;0;0
CATALUNYA;GLOBAL;2020-06-02;2020-06-08;Si;;;357.1680;160.9373;114;6587.1391;4666;0;3.1272;41;0;43;114;0;88;0;2814;0;0;0
CATALUNYA;GLOBAL;2020-06-01;2020-06-07;Si;;;393.8730;136.9379;97;6294.9107;4455;4;2.9130;38;0;45;97;0;79;0;2709;3;0;0
CATALUNYA;GLOBAL;2020-05-31;2020-06-06;Si;;;406.5786;121.4089;86;6623.8441;4688;4;2.3769;40;1;54;86;0;69;0;2900;3;0;0
CATALUNYA;GLOBAL;2020-05-30;2020-06-05;Si;;;431.9898;139.7614;99;7263.3585;5140;5;2.4598;41;1;56;99;0;81;0;3290;3;0;0
CATALUNYA;GLOBAL;2020-05-29;2020-06-04;Si;;;498.3412;167.9960;119;7499.1176;5307;5;2.9412;38;1;61;119;0;101;0;3431;3;0;0
CATALUNYA;GLOBAL;2020-05-28;2020-06-03;Si;;;518.1054;169.4077;120;8125.9264;5751;5;3.1832;47;2;61;120;0;118;0;3704;3;0;0
CATALUNYA;GLOBAL;2020-05-27;2020-06-02;Si;;;614.1031;177.8781;126;8322.1571;5889;6;3.1841;44;2;55;126;0;123;0;3859;4;0;0
CATALUNYA;GLOBAL;2020-05-26;2020-06-01;Si;;;646.5730;196.2306;139;9296.2518;6575;10;3.2349;43;3;55;139;0;137;0;4227;8;0;0
CATALUNYA;GLOBAL;2020-05-25;2020-05-31;Si;;;666.3372;256.9351;182;10363.5208;7334;7;3.5534;45;4;60;181;1;169;0;4750;6;0;0
CATALUNYA;GLOBAL;2020-05-24;2020-05-30;Si;;;676.2193;285.1697;202;10784.2168;7632;7;3.8321;53;3;58;201;1;189;0;4926;6;0;0
CATALUNYA;GLOBAL;2020-05-23;2020-05-29;Si;;;681.8663;292.2284;207;11475.9652;8122;7;3.6233;57;3;65;206;1;192;0;5292;7;0;0
CATALUNYA;GLOBAL;2020-05-22;2020-05-28;Si;;;693.1601;330.3451;234;12452.8834;8814;7;3.7632;62;3;66;233;1;211;0;5600;7;0;0
CATALUNYA;GLOBAL;2020-05-21;2020-05-27;Si;;;745.3942;348.6976;247;13429.8016;9505;8;3.7531;63;2;70;246;1;228;0;6067;8;0;0
CATALUNYA;GLOBAL;2020-05-20;2020-05-26;Si;;;815.9808;436.2250;309;14754.0057;10442;9;4.2757;66;2;77;308;1;286;0;6681;8;0;0
CATALUNYA;GLOBAL;2020-05-19;2020-05-25;Si;;;859.7444;450.3423;319;15307.4045;10837;6;4.1134;75;2;80;317;2;296;0;7191;5;0;0
CATALUNYA;GLOBAL;2020-05-18;2020-05-24;Si;;;831.5098;409.4021;290;15760.5703;11157;7;3.7502;77;2;70;289;1;278;0;7407;6;0;0
CATALUNYA;GLOBAL;2020-05-17;2020-05-23;Si;;;834.3333;391.0496;277;15879.1557;11236;12;3.4967;73;2;70;276;1;264;0;7539;11;0;0
CATALUNYA;GLOBAL;2020-05-16;2020-05-22;Si;;;887.9791;389.6378;276;15454.2246;10934;13;3.6245;70;2;67;275;1;266;0;7327;12;0;0
CATALUNYA;GLOBAL;2020-05-15;2020-05-21;Si;;;878.0969;362.8149;257;14556.3633;10296;15;3.5573;74;2;77;256;1;252;0;7070;14;0;0
CATALUNYA;GLOBAL;2020-05-14;2020-05-20;Si;;;900.6846;396.6965;281;13774.2641;9743;14;3.8216;80;2;82;280;1;263;0;6869;13;0;0
CATALUNYA;GLOBAL;2020-05-13;2020-05-19;Si;;;909.1550;379.7557;269;13724.8535;9707;15;3.5270;82;2;84;266;3;237;1;6734;14;0;0
CATALUNYA;GLOBAL;2020-05-12;2020-05-18;Si;;;967.0360;409.4021;290;13496.1530;9542;18;3.7259;79;1;91;287;3;241;2;6508;14;0;0
CATALUNYA;GLOBAL;2020-05-11;2020-05-17;Si;;;1043.2695;422.1077;299;13316.8631;9412;21;3.9911;86;0;123;296;3;250;2;6297;17;0;0
CATALUNYA;GLOBAL;2020-05-10;2020-05-16;Si;;;1054.5634;443.2836;314;12774.7582;9028;21;4.4437;90;0;140;311;3;266;2;6016;15;0;0
CATALUNYA;GLOBAL;2020-05-09;2020-05-15;Si;;;1113.8561;498.3412;353;12810.0515;9049;25;4.9148;94;1;159;350;3;298;2;6086;18;0;0
CATALUNYA;GLOBAL;2020-05-08;2020-05-14;Si;;;1157.6198;515.2819;365;13010.5173;9187;29;4.9154;99;2;164;362;3;306;2;6246;20;0;0
CATALUNYA;GLOBAL;2020-05-07;2020-05-13;Si;;;1225.3829;503.9881;357;12997.8118;9173;34;4.7365;97;2;196;354;3;300;2;6352;24;0;0
CATALUNYA;GLOBAL;2020-05-06;2020-05-12;Si;;;1415.9666;529.3993;375;13594.9742;9591;39;4.5585;103;2;229;373;2;316;2;6947;29;0;0
CATALUNYA;GLOBAL;2020-05-05;2020-05-11;Si;;;1609.3738;557.6339;395;13959.2009;9846;42;4.5923;111;2;259;392;3;338;1;7348;34;0;0
CATALUNYA;GLOBAL;2020-05-04;2020-05-10;Si;;;1692.6660;621.1618;440;14583.1862;10291;39;4.5840;117;3;278;437;3;367;1;7998;30;0;0
CATALUNYA;GLOBAL;2020-05-03;2020-05-09;Si;;;1816.8984;611.2797;433;15421.7547;10884;40;4.1725;117;4;303;427;6;356;2;8547;33;0;0
CATALUNYA;GLOBAL;2020-05-02;2020-05-08;Si;;;1931.2486;615.5149;436;15338.4626;10825;40;3.8861;127;3;330;429;7;331;2;8535;34;0;0
CATALUNYA;GLOBAL;2020-05-01;2020-05-07;Si;;;2200.8893;642.3378;455;15918.6842;11239;37;3.5902;122;2;369;445;10;332;2;9270;33;0;0
CATALUNYA;GLOBAL;2020-04-30;2020-05-06;Si;;;2587.7038;721.3947;511;17536.5285;12385;37;3.6925;105;2;379;498;13;387;2;10503;32;0;0
CATALUNYA;GLOBAL;2020-04-29;2020-05-05;Si;;;3050.7517;886.5673;628;18104.0446;12791;33;3.8386;92;2;395;615;13;427;1;11121;29;0;0
CATALUNYA;GLOBAL;2020-04-28;2020-05-04;Si;;;3608.3856;1051.7399;745;19405.6610;13716;30;4.4994;71;2;425;734;11;544;2;12108;27;0;0
CATALUNYA;GLOBAL;2020-04-27;2020-05-03;Si;;;4026.2582;1071.5041;759;20268.2289;14323;34;4.4293;50;1;449;743;16;562;5;12769;32;0;0
CATALUNYA;GLOBAL;2020-04-26;2020-05-02;Si;;;4318.4866;1205.6186;854;20878.0969;14756;33;5.0011;37;0;467;841;13;659;4;13226;31;0;0
CATALUNYA;GLOBAL;2020-04-25;2020-05-01;Si;;;4808.3574;1315.7337;932;21812.6632;15417;34;5.5484;17;0;490;919;13;768;4;13882;32;0;0
CATALUNYA;GLOBAL;2020-04-24;2020-04-30;Si;;;6078.9157;1558.5515;1104;23465.8008;16580;42;6.7120;0;0;513;1091;13;992;5;14815;39;0;0
CATALUNYA;GLOBAL;2020-04-23;2020-04-29;Si;;;6852.5446;1866.3090;1322;22882.7556;16163;46;8.2522;0;0;533;1309;13;1179;7;14329;43;0;0
CATALUNYA;GLOBAL;2020-04-22;2020-04-28;Si;;;7579.5863;2164.1843;1533;24132.1380;16969;125;10.5610;0;0;556;1502;31;1593;24;15190;121;0;0
CATALUNYA;GLOBAL;2020-04-21;2020-04-27;Si;;;8084.9862;2556.6457;1811;25128.8204;17655;145;12.0950;0;0;602;1769;42;1913;28;15909;139;0;0
CATALUNYA;GLOBAL;2020-04-20;2020-04-26;Si;;;8405.4492;2954.7540;2093;25134.4674;17655;149;14.2260;0;0;636;2052;41;2250;29;15879;141;0;0
CATALUNYA;GLOBAL;2020-04-19;2020-04-25;Si;;;8533.9168;3112.8679;2205;25196.5836;17698;150;15.0647;0;0;696;2161;44;2391;32;15942;142;0;0
CATALUNYA;GLOBAL;2020-04-18;2020-04-24;Si;;;8893.9083;3492.6237;2474;26244.0883;18442;148;16.2271;0;0;750;2427;47;2698;34;16696;140;0;0
CATALUNYA;GLOBAL;2020-04-17;2020-04-23;Si;;;9311.7808;4520.3642;3202;25971.6241;18206;191;19.3639;0;0;814;3135;67;3196;49;16575;183;0;0
CATALUNYA;GLOBAL;2020-04-16;2020-04-22;Si;;;9650.5964;4986.2356;3532;26073.2688;18260;209;21.1797;0;0;892;3443;89;3529;69;16786;202;0;0
CATALUNYA;GLOBAL;2020-04-15;2020-04-21;Si;;;9801.6517;5415.4019;3836;24253.5469;17010;170;23.6769;0;0;970;3740;96;3675;74;15671;163;0;0
CATALUNYA;GLOBAL;2020-04-14;2020-04-20;Si;;;9729.6534;5528.3405;3916;21482.3180;15049;168;26.8074;0;0;1010;3817;99;3678;82;13863;163;0;0
CATALUNYA;GLOBAL;2020-04-13;2020-04-19;Si;;;9752.2411;5450.6952;3861;19352.0152;13501;207;28.1267;0;0;1073;3760;101;3504;83;12549;204;0;0
CATALUNYA;GLOBAL;2020-04-12;2020-04-18;Si;;;9640.7143;5421.0489;3840;18455.5657;12868;205;29.3646;0;0;1148;3740;100;3473;81;11902;201;0;0
CATALUNYA;GLOBAL;2020-04-11;2020-04-17;Si;;;9375.3088;5401.2846;3826;16936.5426;11778;219;31.9822;0;0;1213;3712;114;3430;97;10814;214;0;0
CATALUNYA;GLOBAL;2020-04-10;2020-04-16;Si;;;8611.5620;4791.4166;3394;14667.8901;10219;171;33.1762;0;0;1250;3290;104;3083;85;9382;167;0;0
CATALUNYA;GLOBAL;2020-04-09;2020-04-15;Si;;;8121.6912;4664.3608;3304;13578.0334;9432;186;34.2144;0;0;1299;3209;95;2938;78;8636;179;0;0
CATALUNYA;GLOBAL;2020-04-08;2020-04-14;Si;;;7626.1735;4386.2497;3107;12208.6539;8480;168;34.9930;0;0;1334;3022;85;2688;74;7731;162;0;0
CATALUNYA;GLOBAL;2020-04-07;2020-04-13;Si;;;7247.8294;4201.3129;2976;11435.0250;7857;243;35.1117;0;0;1388;2894;82;2521;72;7149;236;0;0
CATALUNYA;GLOBAL;2020-04-06;2020-04-12;Si;;;7246.4177;4301.5458;3047;11115.9737;7679;195;37.0834;0;0;1402;2970;77;2569;68;6923;188;0;0
CATALUNYA;GLOBAL;2020-04-05;2020-04-11;Si;;;7297.2400;4219.6654;2989;10405.8728;7179;192;38.6082;0;0;1393;2913;76;2484;68;6424;186;0;0
CATALUNYA;GLOBAL;2020-04-04;2020-04-10;Si;;;7051.5987;3974.0241;2815;9443.0719;6516;173;39.9499;0;0;1378;2757;58;2343;50;5822;168;0;0
CATALUNYA;GLOBAL;2020-04-03;2020-04-09;Si;;;6636.5497;3820.1454;2706;8988.4943;6200;167;41.7802;0;0;1385;2661;45;2315;46;5489;162;0;0
CATALUNYA;GLOBAL;2020-04-02;2020-04-08;Si;;;6193.2660;3457.3304;2449;7767.3466;5377;125;44.3482;0;0;1366;2417;32;2119;31;4724;124;0;0
CATALUNYA;GLOBAL;2020-04-01;2020-04-07;Si;;;5740.1002;3239.9237;2295;7057.2457;4900;99;46.4473;0;0;1320;2278;17;2020;13;4279;98;0;0
CATALUNYA;GLOBAL;2020-03-31;2020-04-06;Si;;;5435.1662;3046.5165;2158;6393.7319;4526;3;48.9399;0;0;1244;2152;6;1937;2;3960;2;0;0
CATALUNYA;GLOBAL;2020-03-30;2020-04-05;Si;;;5137.2908;2944.8718;2086;6410.6726;4539;2;47.9548;0;0;1210;2081;5;1910;1;3984;1;0;0
CATALUNYA;GLOBAL;2020-03-29;2020-04-04;Si;;;5061.0573;3077.5746;2180;6605.4916;4678;1;48.8069;0;0;1137;2176;4;2025;0;4149;0;0;0
CATALUNYA;GLOBAL;2020-03-28;2020-04-03;Si;;;4878.9440;3077.5746;2180;6578.6687;4659;1;48.8916;0;0;1054;2176;4;2007;0;4105;0;0;0
CATALUNYA;GLOBAL;2020-03-27;2020-04-02;Si;;;4437.0720;2816.4043;1995;5878.4499;4163;1;49.9050;0;0;960;1991;4;1839;0;3685;0;0;0
CATALUNYA;GLOBAL;2020-03-26;2020-04-01;Si;;;4151.9023;2735.9356;1938;5532.5757;3918;1;50.4149;0;0;861;1937;1;1762;0;3495;0;0;0
CATALUNYA;GLOBAL;2020-03-25;2020-03-31;Si;;;3743.9119;2500.1764;1771;5001.7646;3542;1;51.2539;0;0;762;1771;0;1635;0;3190;0;0;0
CATALUNYA;GLOBAL;2020-03-24;2020-03-30;Si;;;3434.7427;2388.6496;1692;4719.4183;3343;0;51.4691;0;0;674;1692;0;1559;0;3029;0;0;0
CATALUNYA;GLOBAL;2020-03-23;2020-03-29;Si;;;3043.6930;2192.4190;1553;4103.9034;2907;0;53.4858;0;0;576;1553;0;1427;0;2668;0;0;0
CATALUNYA;GLOBAL;2020-03-22;2020-03-28;Si;;;2758.5233;1983.4827;1405;3568.8572;2528;0;53.0707;0;0;494;1405;0;1253;0;2361;0;0;0
CATALUNYA;GLOBAL;2020-03-21;2020-03-27;Si;;;2455.0010;1801.3693;1276;3035.2227;2150;0;53.4816;0;0;423;1276;0;1106;0;2068;0;0;0
CATALUNYA;GLOBAL;2020-03-20;2020-03-26;Si;;;2119.0089;1620.6677;1148;2744.4060;1944;0;51.8637;0;0;345;1148;0;974;0;1878;0;0;0
CATALUNYA;GLOBAL;2020-03-19;2020-03-25;Si;;;1768.8995;1415.9666;1003;2481.8239;1758;0;50.6173;0;0;287;1003;0;861;0;1701;0;0;0
CATALUNYA;GLOBAL;2020-03-18;2020-03-24;Si;;;1496.4353;1243.7354;881;2241.8296;1588;0;47.9844;0;0;250;880;1;738;0;1538;0;0;0
CATALUNYA;GLOBAL;2020-03-17;2020-03-23;Si;;;1207.0304;1046.0930;741;1932.6604;1369;0;46.1249;0;0;218;740;1;613;0;1329;0;0;0
CATALUNYA;GLOBAL;2020-03-16;2020-03-22;Si;;;959.9774;851.2740;603;1687.0191;1195;0;44.6552;0;0;181;602;1;518;0;1160;0;0;0
CATALUNYA;GLOBAL;2020-03-15;2020-03-21;Si;;;830.0981;775.0405;549;1606.5504;1138;0;43.2701;0;0;156;548;1;479;0;1107;0;0;0
CATALUNYA;GLOBAL;2020-03-14;2020-03-20;Si;;;695.9836;653.6316;463;1356.6739;961;0;41.3136;0;0;142;462;1;390;0;944;0;0;0
CATALUNYA;GLOBAL;2020-03-13;2020-03-19;Si;;;522.3406;498.3412;353;1149.1494;814;0;37.5780;0;0;129;352;1;301;0;801;0;0;0
CATALUNYA;GLOBAL;2020-03-12;2020-03-18;Si;;;364.2267;352.9328;250;919.0371;651;0;34.1158;0;0;106;249;1;218;0;639;0;0;0
CATALUNYA;GLOBAL;2020-03-11;2020-03-17;Si;;;259.7585;252.6999;179;710.1009;503;0;31.4402;0;0;91;179;0;155;0;493;0;0;0
CATALUNYA;GLOBAL;2020-03-10;2020-03-16;Si;;;163.7608;160.9373;114;568.9277;403;0;26.2626;0;0;73;114;0;104;0;396;0;0;0
CATALUNYA;GLOBAL;2020-03-09;2020-03-15;Si;;;110.1150;108.7033;77;441.8719;313;0;23.4528;0;0;56;77;0;72;0;307;0;0;0
CATALUNYA;GLOBAL;2020-03-08;2020-03-14;Si;;;56.4692;55.0575;39;326.1099;231;0;15.0442;0;0;42;39;0;34;0;226;0;0;0
CATALUNYA;GLOBAL;2020-03-07;2020-03-13;Si;;;42.3519;42.3519;30;263.9937;187;0;13.0435;0;0;25;30;0;24;0;184;0;0;0
CATALUNYA;GLOBAL;2020-03-06;2020-03-12;Si;;;23.9994;23.9994;17;177.8781;126;0;8.8710;0;0;15;17;0;11;0;124;0;0;0
CATALUNYA;GLOBAL;2020-03-05;2020-03-11;Si;;;11.2938;11.2938;8;110.1150;78;0;3.8961;0;0;10;8;0;3;0;77;0;0;0
CATALUNYA;GLOBAL;2020-03-04;2020-03-10;Si;;;7.0586;7.0586;5;66.3513;47;0;2.1277;0;0;6;5;0;1;0;47;0;0;0
CATALUNYA;GLOBAL;2020-03-03;2020-03-09;Si;;;2.8234;2.8234;2;32.4698;23;0;0.0000;0;0;3;2;0;0;0;23;0;0;0
CATALUNYA;GLOBAL;2020-03-02;2020-03-08;Si;;;1.4117;1.4117;1;19.7642;14;0;0.0000;0;0;2;1;0;0;0;14;0;0;0
CATALUNYA;GLOBAL;2020-03-01;2020-03-07;Si;;;1.4117;1.4117;1;12.7055;9;0;0.0000;0;0;0;1;0;0;0;9;0;0;0
CATALUNYA;GLOBAL;2020-02-29;2020-03-06;Si;;;0.0000;0.0000;0;5.6469;4;0;0.0000;0;0;0;0;0;0;0;4;0;0;0
CATALUNYA;GLOBAL;2020-02-28;2020-03-05;Si;;;0.0000;0.0000;0;4.2351;3;0;0.0000;0;0;0;0;0;0;0;3;0;0;0
CATALUNYA;GLOBAL;2020-02-27;2020-03-04;Si;;;0.0000;0.0000;0;4.2351;3;0;0.0000;0;0;0;0;0;0;0;3;0;0;0
CATALUNYA;GLOBAL;2020-02-26;2020-03-03;Si;;;0.0000;0.0000;0;1.4117;1;0;0.0000;0;0;0;0;0;0;0;1;0;0;0
CATALUNYA;GLOBAL;2020-02-25;2020-03-02;Si;;;0.0000;0.0000;0;0.0000;0;0;0.0000;0;0;0;0;0;0;0;0;0;0;0
CATALUNYA;GLOBAL;2020-02-24;2020-03-01;Si;;;0.0000;0.0000;0;0.0000;0;0;0.0000;0;0;0;0;0;0;0;0;0;0;0
